[
{
   "model": "contenttypes.contenttype",
   "pk": 1,
   "fields": {
      "app_label": "admin",
      "model": "logentry"
   }
},
{
   "model": "contenttypes.contenttype",
   "pk": 2,
   "fields": {
      "app_label": "auth",
      "model": "permission"
   }
},
{
   "model": "contenttypes.contenttype",
   "pk": 3,
   "fields": {
      "app_label": "auth",
      "model": "group"
   }
},
{
   "model": "contenttypes.contenttype",
   "pk": 4,
   "fields": {
      "app_label": "auth",
      "model": "user"
   }
},
{
   "model": "contenttypes.contenttype",
   "pk": 5,
   "fields": {
      "app_label": "contenttypes",
      "model": "contenttype"
   }
},
{
   "model": "contenttypes.contenttype",
   "pk": 6,
   "fields": {
      "app_label": "sessions",
      "model": "session"
   }
},
{
   "model": "contenttypes.contenttype",
   "pk": 7,
   "fields": {
      "app_label": "tournaments",
      "model": "tournament"
   }
},
{
   "model": "contenttypes.contenttype",
   "pk": 8,
   "fields": {
      "app_label": "tournaments",
      "model": "tournamentstatus"
   }
},
{
   "model": "contenttypes.contenttype",
   "pk": 9,
   "fields": {
      "app_label": "tournaments",
      "model": "tournamentimage"
   }
},
{
   "model": "contenttypes.contenttype",
   "pk": 10,
   "fields": {
      "app_label": "reviews",
      "model": "reviewimage"
   }
},
{
   "model": "contenttypes.contenttype",
   "pk": 11,
   "fields": {
      "app_label": "reviews",
      "model": "review"
   }
},
{
   "model": "contenttypes.contenttype",
   "pk": 12,
   "fields": {
      "app_label": "home",
      "model": "subscriber"
   }
},
{
   "model": "contenttypes.contenttype",
   "pk": 13,
   "fields": {
      "app_label": "broadcast",
      "model": "broadcast"
   }
},
{
   "model": "contenttypes.contenttype",
   "pk": 14,
   "fields": {
      "app_label": "doping_testing",
      "model": "doping"
   }
},
{
   "model": "contenttypes.contenttype",
   "pk": 15,
   "fields": {
      "app_label": "doping_testing",
      "model": "autopsystatus"
   }
},
{
   "model": "contenttypes.contenttype",
   "pk": 16,
   "fields": {
      "app_label": "doping_testing",
      "model": "autopsy"
   }
},
{
   "model": "contenttypes.contenttype",
   "pk": 17,
   "fields": {
      "app_label": "documents",
      "model": "document"
   }
},
{
   "model": "contenttypes.contenttype",
   "pk": 18,
   "fields": {
      "app_label": "sportsman",
      "model": "division"
   }
},
{
   "model": "contenttypes.contenttype",
   "pk": 19,
   "fields": {
      "app_label": "sportsman",
      "model": "gender"
   }
},
{
   "model": "contenttypes.contenttype",
   "pk": 20,
   "fields": {
      "app_label": "sportsman",
      "model": "status"
   }
},
{
   "model": "contenttypes.contenttype",
   "pk": 21,
   "fields": {
      "app_label": "sportsman",
      "model": "weight_category"
   }
},
{
   "model": "contenttypes.contenttype",
   "pk": 22,
   "fields": {
      "app_label": "sportsman",
      "model": "age_category"
   }
},
{
   "model": "contenttypes.contenttype",
   "pk": 23,
   "fields": {
      "app_label": "sportsman",
      "model": "line_up"
   }
},
{
   "model": "contenttypes.contenttype",
   "pk": 24,
   "fields": {
      "app_label": "sportsman",
      "model": "sportsman"
   }
},
{
   "model": "contenttypes.contenttype",
   "pk": 25,
   "fields": {
      "app_label": "sportsman",
      "model": "discipline"
   }
},
{
   "model": "contenttypes.contenttype",
   "pk": 26,
   "fields": {
      "app_label": "test",
      "model": "age_category"
   }
},
{
   "model": "contenttypes.contenttype",
   "pk": 27,
   "fields": {
      "app_label": "test",
      "model": "test"
   }
},
{
   "model": "contenttypes.contenttype",
   "pk": 28,
   "fields": {
      "app_label": "emails",
      "model": "emailsendingfact"
   }
},
{
   "model": "contenttypes.contenttype",
   "pk": 29,
   "fields": {
      "app_label": "emails",
      "model": "emailtype"
   }
},
{
   "model": "contenttypes.contenttype",
   "pk": 30,
   "fields": {
      "app_label": "tournaments",
      "model": "sportsmanintournament"
   }
},
{
   "model": "contenttypes.contenttype",
   "pk": 31,
   "fields": {
      "app_label": "guide",
      "model": "guidestatus"
   }
},
{
   "model": "contenttypes.contenttype",
   "pk": 32,
   "fields": {
      "app_label": "guide",
      "model": "guide"
   }
},
{
   "model": "contenttypes.contenttype",
   "pk": 33,
   "fields": {
      "app_label": "guide",
      "model": "guideimage"
   }
},
{
   "model": "contenttypes.contenttype",
   "pk": 34,
   "fields": {
      "app_label": "regional_representation",
      "model": "regional"
   }
},
{
   "model": "contenttypes.contenttype",
   "pk": 35,
   "fields": {
      "app_label": "regional_representation",
      "model": "regionalstatus"
   }
},
{
   "model": "sessions.session",
   "pk": "0vgxmjszcqfpe3amcf1demlyn0dz7nbj",
   "fields": {
      "session_data": "Mjg1ZGRkYmM1ZDE2ZDcwM2E4N2E4YTk3ODhjZWIyNTQ2MzVkYzQ5MTp7Il9hdXRoX3VzZXJfaWQiOiIxIiwiX2F1dGhfdXNlcl9iYWNrZW5kIjoiZGphbmdvLmNvbnRyaWIuYXV0aC5iYWNrZW5kcy5Nb2RlbEJhY2tlbmQiLCJfYXV0aF91c2VyX2hhc2giOiIxZDhmMjMxZDJhNTZiMjIzMzUyN2M2ODdkNGQ0OWM0MDhkYmM1NGZhIn0=",
      "expire_date": "2019-11-09T06:50:06.464Z"
   }
},
{
   "model": "sessions.session",
   "pk": "1nbmn0ivl5hwhmqdemo41ba8dtm2npde",
   "fields": {
      "session_data": "Mjg1ZGRkYmM1ZDE2ZDcwM2E4N2E4YTk3ODhjZWIyNTQ2MzVkYzQ5MTp7Il9hdXRoX3VzZXJfaWQiOiIxIiwiX2F1dGhfdXNlcl9iYWNrZW5kIjoiZGphbmdvLmNvbnRyaWIuYXV0aC5iYWNrZW5kcy5Nb2RlbEJhY2tlbmQiLCJfYXV0aF91c2VyX2hhc2giOiIxZDhmMjMxZDJhNTZiMjIzMzUyN2M2ODdkNGQ0OWM0MDhkYmM1NGZhIn0=",
      "expire_date": "2019-10-05T21:50:05.814Z"
   }
},
{
   "model": "sessions.session",
   "pk": "2ugw8hlbrnr3qs6187x564wok36enhcv",
   "fields": {
      "session_data": "Mjg1ZGRkYmM1ZDE2ZDcwM2E4N2E4YTk3ODhjZWIyNTQ2MzVkYzQ5MTp7Il9hdXRoX3VzZXJfaWQiOiIxIiwiX2F1dGhfdXNlcl9iYWNrZW5kIjoiZGphbmdvLmNvbnRyaWIuYXV0aC5iYWNrZW5kcy5Nb2RlbEJhY2tlbmQiLCJfYXV0aF91c2VyX2hhc2giOiIxZDhmMjMxZDJhNTZiMjIzMzUyN2M2ODdkNGQ0OWM0MDhkYmM1NGZhIn0=",
      "expire_date": "2019-09-17T02:00:04.754Z"
   }
},
{
   "model": "sessions.session",
   "pk": "4gjo0ccp2djzpyfh18tsb071x744wvpo",
   "fields": {
      "session_data": "Mjg1ZGRkYmM1ZDE2ZDcwM2E4N2E4YTk3ODhjZWIyNTQ2MzVkYzQ5MTp7Il9hdXRoX3VzZXJfaWQiOiIxIiwiX2F1dGhfdXNlcl9iYWNrZW5kIjoiZGphbmdvLmNvbnRyaWIuYXV0aC5iYWNrZW5kcy5Nb2RlbEJhY2tlbmQiLCJfYXV0aF91c2VyX2hhc2giOiIxZDhmMjMxZDJhNTZiMjIzMzUyN2M2ODdkNGQ0OWM0MDhkYmM1NGZhIn0=",
      "expire_date": "2019-10-05T22:39:09.627Z"
   }
},
{
   "model": "sessions.session",
   "pk": "5a6rioe0lejm6mh0mgpqwg0gk1y9dbvm",
   "fields": {
      "session_data": "Mjg1ZGRkYmM1ZDE2ZDcwM2E4N2E4YTk3ODhjZWIyNTQ2MzVkYzQ5MTp7Il9hdXRoX3VzZXJfaWQiOiIxIiwiX2F1dGhfdXNlcl9iYWNrZW5kIjoiZGphbmdvLmNvbnRyaWIuYXV0aC5iYWNrZW5kcy5Nb2RlbEJhY2tlbmQiLCJfYXV0aF91c2VyX2hhc2giOiIxZDhmMjMxZDJhNTZiMjIzMzUyN2M2ODdkNGQ0OWM0MDhkYmM1NGZhIn0=",
      "expire_date": "2019-11-12T12:59:38.577Z"
   }
},
{
   "model": "sessions.session",
   "pk": "75r8acu1bb13eryhyfxner5o3ujfm6dm",
   "fields": {
      "session_data": "Mjg1ZGRkYmM1ZDE2ZDcwM2E4N2E4YTk3ODhjZWIyNTQ2MzVkYzQ5MTp7Il9hdXRoX3VzZXJfaWQiOiIxIiwiX2F1dGhfdXNlcl9iYWNrZW5kIjoiZGphbmdvLmNvbnRyaWIuYXV0aC5iYWNrZW5kcy5Nb2RlbEJhY2tlbmQiLCJfYXV0aF91c2VyX2hhc2giOiIxZDhmMjMxZDJhNTZiMjIzMzUyN2M2ODdkNGQ0OWM0MDhkYmM1NGZhIn0=",
      "expire_date": "2019-09-02T20:50:25.614Z"
   }
},
{
   "model": "sessions.session",
   "pk": "9li7nyui8hibo7ryvxwx8mibcj1ux3jw",
   "fields": {
      "session_data": "Mjg1ZGRkYmM1ZDE2ZDcwM2E4N2E4YTk3ODhjZWIyNTQ2MzVkYzQ5MTp7Il9hdXRoX3VzZXJfaWQiOiIxIiwiX2F1dGhfdXNlcl9iYWNrZW5kIjoiZGphbmdvLmNvbnRyaWIuYXV0aC5iYWNrZW5kcy5Nb2RlbEJhY2tlbmQiLCJfYXV0aF91c2VyX2hhc2giOiIxZDhmMjMxZDJhNTZiMjIzMzUyN2M2ODdkNGQ0OWM0MDhkYmM1NGZhIn0=",
      "expire_date": "2019-11-07T10:49:12.230Z"
   }
},
{
   "model": "sessions.session",
   "pk": "gxyy1eee9u9l5nb6a4swz7gv6rsdger2",
   "fields": {
      "session_data": "Mjg1ZGRkYmM1ZDE2ZDcwM2E4N2E4YTk3ODhjZWIyNTQ2MzVkYzQ5MTp7Il9hdXRoX3VzZXJfaWQiOiIxIiwiX2F1dGhfdXNlcl9iYWNrZW5kIjoiZGphbmdvLmNvbnRyaWIuYXV0aC5iYWNrZW5kcy5Nb2RlbEJhY2tlbmQiLCJfYXV0aF91c2VyX2hhc2giOiIxZDhmMjMxZDJhNTZiMjIzMzUyN2M2ODdkNGQ0OWM0MDhkYmM1NGZhIn0=",
      "expire_date": "2019-10-06T02:18:01.339Z"
   }
},
{
   "model": "sessions.session",
   "pk": "kg72u7aipkz9hfxsde4jjvok31m0d6y9",
   "fields": {
      "session_data": "Mjg1ZGRkYmM1ZDE2ZDcwM2E4N2E4YTk3ODhjZWIyNTQ2MzVkYzQ5MTp7Il9hdXRoX3VzZXJfaWQiOiIxIiwiX2F1dGhfdXNlcl9iYWNrZW5kIjoiZGphbmdvLmNvbnRyaWIuYXV0aC5iYWNrZW5kcy5Nb2RlbEJhY2tlbmQiLCJfYXV0aF91c2VyX2hhc2giOiIxZDhmMjMxZDJhNTZiMjIzMzUyN2M2ODdkNGQ0OWM0MDhkYmM1NGZhIn0=",
      "expire_date": "2019-11-15T16:26:12.768Z"
   }
},
{
   "model": "sessions.session",
   "pk": "pbzs8x72m9jy1n95c6ixxva3pbzgqxt3",
   "fields": {
      "session_data": "Mjg1ZGRkYmM1ZDE2ZDcwM2E4N2E4YTk3ODhjZWIyNTQ2MzVkYzQ5MTp7Il9hdXRoX3VzZXJfaWQiOiIxIiwiX2F1dGhfdXNlcl9iYWNrZW5kIjoiZGphbmdvLmNvbnRyaWIuYXV0aC5iYWNrZW5kcy5Nb2RlbEJhY2tlbmQiLCJfYXV0aF91c2VyX2hhc2giOiIxZDhmMjMxZDJhNTZiMjIzMzUyN2M2ODdkNGQ0OWM0MDhkYmM1NGZhIn0=",
      "expire_date": "2019-10-01T02:38:25.510Z"
   }
},
{
   "model": "sessions.session",
   "pk": "qh5ld79burl13kn3kan3k1oq8u9vjcvs",
   "fields": {
      "session_data": "Mjg1ZGRkYmM1ZDE2ZDcwM2E4N2E4YTk3ODhjZWIyNTQ2MzVkYzQ5MTp7Il9hdXRoX3VzZXJfaWQiOiIxIiwiX2F1dGhfdXNlcl9iYWNrZW5kIjoiZGphbmdvLmNvbnRyaWIuYXV0aC5iYWNrZW5kcy5Nb2RlbEJhY2tlbmQiLCJfYXV0aF91c2VyX2hhc2giOiIxZDhmMjMxZDJhNTZiMjIzMzUyN2M2ODdkNGQ0OWM0MDhkYmM1NGZhIn0=",
      "expire_date": "2019-11-01T08:16:04.737Z"
   }
},
{
   "model": "sessions.session",
   "pk": "uvwfdg0bukpmnw2fnakxfrnyek02to75",
   "fields": {
      "session_data": "Mjg1ZGRkYmM1ZDE2ZDcwM2E4N2E4YTk3ODhjZWIyNTQ2MzVkYzQ5MTp7Il9hdXRoX3VzZXJfaWQiOiIxIiwiX2F1dGhfdXNlcl9iYWNrZW5kIjoiZGphbmdvLmNvbnRyaWIuYXV0aC5iYWNrZW5kcy5Nb2RlbEJhY2tlbmQiLCJfYXV0aF91c2VyX2hhc2giOiIxZDhmMjMxZDJhNTZiMjIzMzUyN2M2ODdkNGQ0OWM0MDhkYmM1NGZhIn0=",
      "expire_date": "2019-08-25T16:50:49.434Z"
   }
},
{
   "model": "home.subscriber",
   "pk": 1,
   "fields": {
      "email": "aspirpd@gmail.com",
      "created": "2019-08-15T17:30:15.088Z",
      "updated": "2019-08-15T17:30:15.088Z"
   }
},
{
   "model": "home.subscriber",
   "pk": 2,
   "fields": {
      "email": "aspirpd@gmail.com",
      "created": "2019-08-15T17:32:24.287Z",
      "updated": "2019-08-15T17:32:24.287Z"
   }
},
{
   "model": "tournaments.tournamentstatus",
   "pk": 1,
   "fields": {
      "name": "\u041d\u043e\u0432\u044b\u0439",
      "is_active": true,
      "created": "2019-08-11T20:27:17.802Z",
      "updated": "2019-08-11T20:27:17.802Z"
   }
},
{
   "model": "tournaments.tournamentstatus",
   "pk": 2,
   "fields": {
      "name": "\u041f\u0440\u043e\u0432\u0435\u0434\u0435\u043d\u043d\u044b\u0439",
      "is_active": true,
      "created": "2019-08-11T20:27:33.707Z",
      "updated": "2019-08-11T20:27:33.707Z"
   }
},
{
   "model": "tournaments.tournamentstatus",
   "pk": 3,
   "fields": {
      "name": "\u041e\u0442\u043c\u0435\u043d\u0435\u043d",
      "is_active": true,
      "created": "2019-08-11T20:27:42.005Z",
      "updated": "2019-08-11T20:27:42.005Z"
   }
},
{
   "model": "tournaments.tournamentstatus",
   "pk": 4,
   "fields": {
      "name": "\u041d\u0435\u0441\u043e\u0441\u0442\u043e\u044f\u0432\u0448\u0438\u0439\u0441\u044f",
      "is_active": true,
      "created": "2019-08-11T20:27:51.234Z",
      "updated": "2019-08-11T20:27:51.234Z"
   }
},
{
   "model": "tournaments.tournament",
   "pk": 1,
   "fields": {
      "name": "\u0427\u0435\u043c\u043f\u0438\u043e\u043d\u0430\u0442 \u0426\u0435\u043d\u0442\u0440\u0430\u043b\u044c\u043d\u043e\u0433\u043e \u0424\u0435\u0434\u0435\u0440\u0430\u043b\u044c\u043d\u043e\u0433\u043e \u041e\u043a\u0440\u0443\u0433\u0430 \u00abGlobal Federation of Powerlifting\u00bb \u0441 \u043f\u0440\u043e\u0445\u043e\u0436\u0434\u0435\u043d\u0438\u0435\u043c (\u0438 \u0431\u0435\u0437) \u0434\u043e\u043f\u0438\u043d\u0433-\u043a\u043e\u043d\u0442\u0440\u043e\u043b\u044f \u043f\u043e \u043f\u0430\u0443\u044d\u0440\u043b\u0438\u0444\u0442\u0438\u043d\u0433\u0443, \u0435\u0433\u043e \u043e\u0442\u0434\u0435\u043b\u044c\u043d\u044b\u043c \u0434\u0432\u0438\u0436\u0435\u043d\u0438\u044f\u043c \u0436\u0438\u043c\u0443 \u043b\u0435\u0436\u0430, \u0441\u0442\u0430\u043d\u043e\u0432\u043e\u0439 \u0442\u044f\u0433\u0435, \u0434\u0432\u043e\u0435\u0431\u043e\u0440\u044c\u044e, \u0441\u0438\u043b\u043e\u0432\u043e\u043c\u0443 \u0434\u0432\u043e\u0435\u0431\u043e\u0440\u044c\u044e \u0438 \u0436\u0438\u043c\u0443 \u0421\u0424\u041e \u043f\u043e \u0432\u0435\u0440\u0441\u0438\u0438 GFP (\u043f\u0440\u0438\u0441\u0432\u043e\u0435\u043d\u0438\u0435 \u0434\u043e \u041c\u0421 \u0432\u043a\u043b\u044e\u0447\u0438\u0442\u0435\u043b\u044c\u043d\u043e)",
      "short_name": "\u0427\u0435\u043c\u043f\u0438\u043e\u043d\u0430\u0442 \u0426\u0424\u041e",
      "country": "\u0420\u043e\u0441\u0441\u0438\u044f",
      "region": "\u041a\u0443\u0440\u0441\u043a\u0430\u044f \u043e\u0431\u043b\u0430\u0441\u0442\u044c",
      "town": "\u041a\u0443\u0440\u0441\u043a",
      "start_time": "2019-06-21T07:34:39Z",
      "end_time": "2019-06-22T09:00:00Z",
      "status": 2,
      "sponsors": "Strong Genetic",
      "description": "\u0422\u0443\u0440\u043d\u0438\u0440 \u0426\u0424\u041e \u00abGlobal Federation of Powerlifting\u00bb \u043f\u043e \u043f\u0430\u0443\u044d\u0440\u043b\u0438\u0444\u0442\u0438\u043d\u0433\u0443, \u0435\u0433\u043e \u043e\u0442\u0434\u0435\u043b\u044c\u043d\u044b\u043c \u0434\u0432\u0438\u0436\u0435\u043d\u0438\u044f\u043c \u0436\u0438\u043c\u0443 \u043b\u0435\u0436\u0430, \u0441\u0442\u0430\u043d\u043e\u0432\u043e\u0439 \u0442\u044f\u0433\u0435, \u0434\u0432\u043e\u0435\u0431\u043e\u0440\u044c\u044e, \u0441\u0438\u043b\u043e\u0432\u043e\u043c\u0443 \u0434\u0432\u043e\u0435\u0431\u043e\u0440\u044c\u044e \u0438 \u0436\u0438\u043c\u0443 \u0421\u0424\u041e \u043f\u043e \u0432\u0435\u0440\u0441\u0438\u0438 GFP. (\u043f\u0440\u0438\u0441\u0432\u043e\u0435\u043d\u0438\u0435 \u0434\u043e \u041c\u0421 \u0432\u043a\u043b\u044e\u0447\u0438\u0442\u0435\u043b\u044c\u043d\u043e). 21-22 \u0438\u044e\u043d\u044f 2019 \u0433. \u041a\u0443\u0440\u0441\u043a !",
      "provisions_dk": "https://drive.google.com/open?id=1IRjpm4I3kQql7QqiA8hdtOqtI6uhLSEy",
      "provisions_bezdk": "https://drive.google.com/open?id=1Nb_nUnqBYLLdQt6QXkFG_t5zMOsIdiXM",
      "nominations": "",
      "photo_vk": "https://vk.com/album-128360345_262967808",
      "video_youtube": "https://www.youtube.com/watch?v=g27nfVnwv4A",
      "is_active": true,
      "created": "2019-08-11T20:29:25.555Z",
      "updated": "2019-08-11T20:29:25.555Z"
   }
},
{
   "model": "tournaments.tournament",
   "pk": 2,
   "fields": {
      "name": "\u041e\u0442\u043a\u0440\u044b\u0442\u044b\u0439 \u043c\u0430\u0441\u0442\u0435\u0440\u0441\u043a\u0438\u0439 \u0442\u0443\u0440\u043d\u0438\u0440 \u0411\u0440\u044f\u043d\u0441\u043a\u043e\u0439 \u043e\u0431\u043b\u0430\u0441\u0442\u0438 \u0441 \u043f\u0440\u043e\u0445\u043e\u0436\u0434\u0435\u043d\u0438\u0435\u043c (\u0438 \u0431\u0435\u0437) \u0434\u043e\u043f\u0438\u043d\u0433-\u043a\u043e\u043d\u0442\u0440\u043e\u043b\u044f \u043f\u043e \u043f\u0430\u0443\u044d\u0440\u043b\u0438\u0444\u0442\u0438\u043d\u0433\u0443, \u0435\u0433\u043e \u043e\u0442\u0434\u0435\u043b\u044c\u043d\u044b\u043c \u0434\u0432\u0438\u0436\u0435\u043d\u0438\u044f\u043c \u0436\u0438\u043c\u0443 \u043b\u0435\u0436\u0430, \u0441\u0442\u0430\u043d\u043e\u0432\u043e\u0439 \u0442\u044f\u0433\u0435, \u0434\u0432\u043e\u0435\u0431\u043e\u0440\u044c\u044e, \u0441\u0438\u043b\u043e\u0432\u043e\u043c\u0443 \u0434\u0432\u043e\u0435\u0431\u043e\u0440\u044c\u044e \u0438 \u0436\u0438\u043c\u0443 \u0421\u0424\u041e \u043f\u043e \u0432\u0435\u0440\u0441\u0438\u0438 GFP (\u043f\u0440\u0438\u0441\u0432\u043e\u0435\u043d\u0438\u0435 \u0434\u043e \u041a\u041c\u0421 \u0432\u043a\u043b\u044e\u0447\u0438\u0442\u0435\u043b\u044c\u043d\u043e)",
      "short_name": "\u041e\u041c\u0422 \u0411\u0440\u044f\u043d\u0441\u043a",
      "country": "\u0420\u043e\u0441\u0441\u0438\u044f",
      "region": "\u0411\u0440\u044f\u043d\u0441\u043a\u0430\u044f \u043e\u0431\u043b\u0430\u0441\u0442\u044c",
      "town": "\u0411\u0440\u044f\u043d\u0441\u043a",
      "start_time": "2019-05-11T07:34:39Z",
      "end_time": "2019-05-12T09:00:00Z",
      "status": 2,
      "sponsors": "Strong Genetic",
      "description": "\u0422\u0443\u0440\u043d\u0438\u0440 \u0426\u0424\u041e \u00abGlobal Federation of Powerlifting\u00bb \u043f\u043e \u043f\u0430\u0443\u044d\u0440\u043b\u0438\u0444\u0442\u0438\u043d\u0433\u0443, \u0435\u0433\u043e \u043e\u0442\u0434\u0435\u043b\u044c\u043d\u044b\u043c \u0434\u0432\u0438\u0436\u0435\u043d\u0438\u044f\u043c \u0436\u0438\u043c\u0443 \u043b\u0435\u0436\u0430, \u0441\u0442\u0430\u043d\u043e\u0432\u043e\u0439 \u0442\u044f\u0433\u0435, \u0434\u0432\u043e\u0435\u0431\u043e\u0440\u044c\u044e, \u0441\u0438\u043b\u043e\u0432\u043e\u043c\u0443 \u0434\u0432\u043e\u0435\u0431\u043e\u0440\u044c\u044e \u0438 \u0436\u0438\u043c\u0443 \u0421\u0424\u041e \u043f\u043e \u0432\u0435\u0440\u0441\u0438\u0438 GFP. (\u043f\u0440\u0438\u0441\u0432\u043e\u0435\u043d\u0438\u0435 \u0434\u043e \u041c\u0421 \u0432\u043a\u043b\u044e\u0447\u0438\u0442\u0435\u043b\u044c\u043d\u043e). 21-22 \u0438\u044e\u043d\u044f 2019 \u0433. \u041a\u0443\u0440\u0441\u043a !",
      "provisions_dk": "https://drive.google.com/open?id=1VGImP1DXAS_1mLhbqFYKNKzCvEpHKlfA",
      "provisions_bezdk": "https://drive.google.com/open?id=1VI0Hn7qjVzmtA8HkPIWb4l_E5NxfwyNv",
      "nominations": "",
      "photo_vk": "https://vk.com/album-128360345_262967808",
      "video_youtube": "",
      "is_active": true,
      "created": "2019-08-11T20:43:16.850Z",
      "updated": "2019-08-11T20:43:16.850Z"
   }
},
{
   "model": "tournaments.tournament",
   "pk": 3,
   "fields": {
      "name": "\u041e\u0442\u043a\u0440\u044b\u0442\u044b\u0439 \u043c\u0430\u0441\u0442\u0435\u0440\u0441\u043a\u0438\u0439 \u0442\u0443\u0440\u043d\u0438\u0440 \u00abFortior est Ferrum\u00bb \u0433. \u041e\u0440\u0435\u043b  \u043f\u043e \u043f\u0430\u0443\u044d\u0440\u043b\u0438\u0444\u0442\u0438\u043d\u0433\u0443, \u0435\u0433\u043e \u043e\u0442\u0434\u0435\u043b\u044c\u043d\u044b\u043c \u0434\u0432\u0438\u0436\u0435\u043d\u0438\u044f\u043c \u0436\u0438\u043c\u0443 \u043b\u0435\u0436\u0430, \u0441\u0442\u0430\u043d\u043e\u0432\u043e\u0439 \u0442\u044f\u0433\u0435, \u0434\u0432\u043e\u0435\u0431\u043e\u0440\u044c\u044e, \u0441\u0438\u043b\u043e\u0432\u043e\u043c\u0443 \u0434\u0432\u043e\u0435\u0431\u043e\u0440\u044c\u044e \u0438 \u0436\u0438\u043c\u0443 \u0421\u0424\u041e \u043f\u043e \u0432\u0435\u0440\u0441\u0438\u0438 GFP ( \u043f\u0440\u0438\u0441\u0432\u043e\u0435\u043d\u0438\u0435 \u0434\u043e \u041c\u0421 \u0432\u043a\u043b\u044e\u0447\u0438\u0442\u0435\u043b\u044c\u043d\u043e)",
      "short_name": "\u041e\u041c\u0422_\u041e\u0440\u0435\u043b_5-6.10.2019",
      "country": "\u0420\u043e\u0441\u0441\u0438\u044f",
      "region": "\u041e\u0440\u043b\u043e\u0432\u0441\u043a\u0430\u044f \u043e\u0431\u043b\u0430\u0441\u0442\u044c",
      "town": "\u041e\u0440\u0435\u043b",
      "start_time": "2019-10-05T07:34:38Z",
      "end_time": "2019-10-06T09:00:00Z",
      "status": 2,
      "sponsors": null,
      "description": "\u041e\u0442\u043a\u0440\u044b\u0442\u044b\u0439 \u043c\u0430\u0441\u0442\u0435\u0440\u0441\u043a\u0438\u0439 \u0442\u0443\u0440\u043d\u0438\u0440 \u00abFortior est Ferrum\u00bb \u0433. \u041e\u0440\u0435\u043b  \u043f\u043e \u043f\u0430\u0443\u044d\u0440\u043b\u0438\u0444\u0442\u0438\u043d\u0433\u0443, \u0435\u0433\u043e \u043e\u0442\u0434\u0435\u043b\u044c\u043d\u044b\u043c \u0434\u0432\u0438\u0436\u0435\u043d\u0438\u044f\u043c \u0436\u0438\u043c\u0443 \u043b\u0435\u0436\u0430, \u0441\u0442\u0430\u043d\u043e\u0432\u043e\u0439 \u0442\u044f\u0433\u0435, \u0434\u0432\u043e\u0435\u0431\u043e\u0440\u044c\u044e, \u0441\u0438\u043b\u043e\u0432\u043e\u043c\u0443 \u0434\u0432\u043e\u0435\u0431\u043e\u0440\u044c\u044e \u0438 \u0436\u0438\u043c\u0443 \u0421\u0424\u041e \u043f\u043e \u0432\u0435\u0440\u0441\u0438\u0438 GFP ( \u043f\u0440\u0438\u0441\u0432\u043e\u0435\u043d\u0438\u0435 \u0434\u043e \u041c\u0421 \u0432\u043a\u043b\u044e\u0447\u0438\u0442\u0435\u043b\u044c\u043d\u043e) \u0431\u044b\u043b \u043f\u0440\u043e\u0432\u0435\u0434\u0435\u043d 5-6 \u043e\u043a\u0442\u044f\u0431\u0440\u044f 2019 \u0433\u043e\u0434\u0430. \u041a\u043e\u043c\u0430\u043d\u0434\u0430 \u0424\u0438\u0442-\u0421\u0438\u0442\u0438 \u0437\u0430\u043d\u044f\u043b\u0430 1 \u043c\u0435\u0441\u0442\u043e \u0432 \u043e\u0431\u0449\u0435\u043a\u043e\u043c\u0430\u043d\u0434\u043d\u043e\u043c \u0437\u0430\u0447\u0435\u0442\u0435. \u0414\u043e\u0440\u043e\u0433\u0438\u0435 \u0441\u043f\u043e\u0440\u0442\u0441\u043c\u0435\u043d\u044b, \u0443\u0447\u0430\u0441\u0442\u043d\u0438\u043a\u0438 \u0442\u0443\u0440\u043d\u0438\u0440\u043e\u0432 GFP, \u0441\u043e \u0432\u0441\u0435\u043c\u0438 \u0438\u0442\u043e\u0433\u043e\u0432\u044b\u043c\u0438 \u0434\u043e\u043a\u0443\u043c\u0435\u043d\u0442\u0430\u043c\u0438, \u0430 \u0442\u0430\u043a \u0436\u0435 \u043f\u0440\u0430\u0432\u0438\u043b\u0430\u043c\u0438 \u0438 \u043d\u043e\u0440\u043c\u0430\u0442\u0438\u0432\u0430\u043c\u0438, \u0432\u044b \u043c\u043e\u0436\u0435\u0442\u0435 \u043e\u0437\u043d\u0430\u043a\u043e\u043c\u0438\u0442\u044c\u0441\u044f \u043d\u0430 \u043e\u0444\u0438\u0446\u0438\u0430\u043b\u044c\u043d\u043e\u043c \u0441\u0430\u0439\u0442\u0435 gfp-russia.ru.",
      "provisions_dk": "https://drive.google.com/open?id=1E2Fsh5RjibMYu-ckICf6NC0I0inBtWe6",
      "provisions_bezdk": "https://drive.google.com/open?id=1ljcDBkM5bUmWWcLMW_NjNU-o-QGw9wIj",
      "nominations": "",
      "photo_vk": "",
      "video_youtube": "",
      "is_active": true,
      "created": "2019-08-11T20:47:27.139Z",
      "updated": "2019-08-11T20:47:27.139Z"
   }
},
{
   "model": "tournaments.tournament",
   "pk": 4,
   "fields": {
      "name": "\"STAR WALL\" - \u0437\u0430\u043a\u0440\u044b\u0442\u044b\u0439 \u043c\u0430\u0441\u0442\u0435\u0440\u0441\u043a\u0438\u0439 \u0442\u0443\u0440\u043d\u0438\u0440  \u043f\u043e \u043f\u0430\u0443\u044d\u0440\u043b\u0438\u0444\u0442\u0438\u043d\u0433\u0443 \u0438 \u0435\u0433\u043e \u043e\u0442\u0434\u0435\u043b\u044c\u043d\u044b\u043c \u0434\u0432\u0438\u0436\u0435\u043d\u0438\u044f\u043c, \u0436\u0438\u043c\u0443 \u043b\u0435\u0436\u0430, \u0441\u0442\u0430\u043d\u043e\u0432\u043e\u0439 \u0442\u044f\u0433\u0435, \u0441\u0438\u043b\u043e\u0432\u043e\u043c\u0443 \u0434\u0432\u043e\u0435\u0431\u043e\u0440\u044c\u044e \u0438 \u0434\u0432\u043e\u0435\u0431\u043e\u0440\u044c\u044e. Team vs team \u0432 \u0431\u043e\u0440\u044c\u0431\u0435 \u0437\u0430 \u043f\u0440\u0438\u0437\u043e\u0432\u043e\u0439 \u0444\u043e\u043d\u0434 \u0438 \u043a\u043e\u043c\u0430\u043d\u0434\u043d\u043e\u0435 \u043f\u0435\u0440\u0432\u0435\u043d\u0441\u0442\u0432\u043e (\u0443\u0447\u0430\u0441\u0442\u0438\u0435 \u0441\u0442\u0440\u043e\u0433\u043e \u0432 \u043a\u043e\u043c\u0430\u043d\u0434\u043d\u043e\u043c \u0444\u043e\u0440\u043c\u0430\u0442\u0435).",
      "short_name": "STAR WALL",
      "country": "\u0420\u043e\u0441\u0441\u0438\u044f",
      "region": "\u0412\u043e\u0440\u043e\u043d\u0435\u0436\u0441\u043a\u0430\u044f",
      "town": "\u041b\u0438\u0441\u043a\u0438",
      "start_time": "2019-12-27T07:00:00Z",
      "end_time": "2019-12-28T19:00:00Z",
      "status": 1,
      "sponsors": null,
      "description": "",
      "provisions_dk": "https://drive.google.com/open?id=1L7if-zT6fx9-jZvhsBLE9cDgVcSZvUyY",
      "provisions_bezdk": "https://drive.google.com/open?id=1MlFmht7kdnqnmdv6loLznnHMy-haFV0j",
      "nominations": "",
      "photo_vk": "",
      "video_youtube": "",
      "is_active": true,
      "created": "2019-10-18T08:52:28.339Z",
      "updated": "2019-10-18T08:52:28.339Z"
   }
},
{
   "model": "tournaments.tournament",
   "pk": 5,
   "fields": {
      "name": "\u0422\u0443\u0440\u043d\u0438\u0440 \u043f\u043e \u043f\u0430\u0443\u044d\u0440\u043b\u0438\u0444\u0442\u0438\u043d\u0433\u0443, \u0435\u0433\u043e \u043e\u0442\u0434\u0435\u043b\u044c\u043d\u044b\u043c \u0434\u0432\u0438\u0436\u0435\u043d\u0438\u044f\u043c \u0436\u0438\u043c\u0443 \u043b\u0435\u0436\u0430, \u0441\u0442\u0430\u043d\u043e\u0432\u043e\u0439 \u0442\u044f\u0433\u0435, \u0434\u0432\u043e\u0435\u0431\u043e\u0440\u044c\u044e, \u0441\u0438\u043b\u043e\u0432\u043e\u043c\u0443 \u0434\u0432\u043e\u0435\u0431\u043e\u0440\u044c\u044e \u0438 \u0436\u0438\u043c\u0443 \u0421\u0424\u041e \u043f\u043e \u0432\u0435\u0440\u0441\u0438\u0438 GFP",
      "short_name": "\u041e\u0442\u043a\u0440\u044b\u0442\u044b\u0439 \u0442\u0443\u0440\u043d\u0438\u0440 (27.03.2020)",
      "country": "\u0420\u043e\u0441\u0441\u0438\u044f",
      "region": "\u041a\u0443\u0440\u0441\u043a\u0430\u044f \u043e\u0431\u043b\u0430\u0441\u0442\u044c",
      "town": "",
      "start_time": "2020-03-27T09:00:00Z",
      "end_time": "2020-03-28T09:00:00Z",
      "status": 1,
      "sponsors": null,
      "description": "",
      "provisions_dk": "",
      "provisions_bezdk": "",
      "nominations": "",
      "photo_vk": "",
      "video_youtube": "",
      "is_active": true,
      "created": "2019-10-29T13:00:35.807Z",
      "updated": "2019-10-29T13:00:35.807Z"
   }
},
{
   "model": "tournaments.tournament",
   "pk": 6,
   "fields": {
      "name": "\u0422\u0443\u0440\u043d\u0438\u0440 \u043f\u043e \u043f\u0430\u0443\u044d\u0440\u043b\u0438\u0444\u0442\u0438\u043d\u0433\u0443, \u0435\u0433\u043e \u043e\u0442\u0434\u0435\u043b\u044c\u043d\u044b\u043c \u0434\u0432\u0438\u0436\u0435\u043d\u0438\u044f\u043c \u0436\u0438\u043c\u0443 \u043b\u0435\u0436\u0430, \u0441\u0442\u0430\u043d\u043e\u0432\u043e\u0439 \u0442\u044f\u0433\u0435, \u0434\u0432\u043e\u0435\u0431\u043e\u0440\u044c\u044e, \u0441\u0438\u043b\u043e\u0432\u043e\u043c\u0443 \u0434\u0432\u043e\u0435\u0431\u043e\u0440\u044c\u044e \u0438 \u0436\u0438\u043c\u0443 \u0421\u0424\u041e \u043f\u043e \u0432\u0435\u0440\u0441\u0438\u0438 GFP",
      "short_name": "\u041e\u0442\u043a\u0440\u044b\u0442\u044b\u0439 \u0442\u0443\u0440\u043d\u0438\u0440 (26.06.2020)",
      "country": "\u0420\u043e\u0441\u0441\u0438\u044f",
      "region": "\u041a\u0443\u0440\u0441\u043a\u0430\u044f \u043e\u0431\u043b\u0430\u0441\u0442\u044c",
      "town": "",
      "start_time": "2020-06-26T09:00:00Z",
      "end_time": "2020-06-27T09:00:00Z",
      "status": 1,
      "sponsors": null,
      "description": "",
      "provisions_dk": "",
      "provisions_bezdk": "",
      "nominations": "",
      "photo_vk": "",
      "video_youtube": "",
      "is_active": true,
      "created": "2019-10-30T17:56:09.454Z",
      "updated": "2019-10-30T17:56:09.454Z"
   }
},
{
   "model": "tournaments.tournament",
   "pk": 7,
   "fields": {
      "name": "\u0422\u0443\u0440\u043d\u0438\u0440 \u043f\u043e \u043f\u0430\u0443\u044d\u0440\u043b\u0438\u0444\u0442\u0438\u043d\u0433\u0443, \u0435\u0433\u043e \u043e\u0442\u0434\u0435\u043b\u044c\u043d\u044b\u043c \u0434\u0432\u0438\u0436\u0435\u043d\u0438\u044f\u043c \u0436\u0438\u043c\u0443 \u043b\u0435\u0436\u0430, \u0441\u0442\u0430\u043d\u043e\u0432\u043e\u0439 \u0442\u044f\u0433\u0435, \u0434\u0432\u043e\u0435\u0431\u043e\u0440\u044c\u044e, \u0441\u0438\u043b\u043e\u0432\u043e\u043c\u0443 \u0434\u0432\u043e\u0435\u0431\u043e\u0440\u044c\u044e \u0438 \u0436\u0438\u043c\u0443 \u0421\u0424\u041e \u043f\u043e \u0432\u0435\u0440\u0441\u0438\u0438 GFP",
      "short_name": "\u041e\u0442\u043a\u0440\u044b\u0442\u044b\u0439 \u0442\u0443\u0440\u043d\u0438\u0440 (26.09.2020)",
      "country": "\u0420\u043e\u0441\u0441\u0438\u044f",
      "region": "\u041a\u0443\u0440\u0441\u043a\u0430\u044f \u043e\u0431\u043b\u0430\u0441\u0442\u044c",
      "town": "",
      "start_time": "2020-09-25T09:00:00Z",
      "end_time": "2020-09-26T09:00:00Z",
      "status": 1,
      "sponsors": null,
      "description": "",
      "provisions_dk": "",
      "provisions_bezdk": "",
      "nominations": "",
      "photo_vk": "",
      "video_youtube": "",
      "is_active": true,
      "created": "2019-10-30T17:56:54.959Z",
      "updated": "2019-10-30T17:56:54.959Z"
   }
},
{
   "model": "tournaments.tournament",
   "pk": 8,
   "fields": {
      "name": "\"STAR WALL\" - \u0437\u0430\u043a\u0440\u044b\u0442\u044b\u0439 \u043c\u0430\u0441\u0442\u0435\u0440\u0441\u043a\u0438\u0439 \u0442\u0443\u0440\u043d\u0438\u0440  \u043f\u043e \u043f\u0430\u0443\u044d\u0440\u043b\u0438\u0444\u0442\u0438\u043d\u0433\u0443 \u0438 \u0435\u0433\u043e \u043e\u0442\u0434\u0435\u043b\u044c\u043d\u044b\u043c \u0434\u0432\u0438\u0436\u0435\u043d\u0438\u044f\u043c, \u0436\u0438\u043c\u0443 \u043b\u0435\u0436\u0430, \u0441\u0442\u0430\u043d\u043e\u0432\u043e\u0439 \u0442\u044f\u0433\u0435, \u0441\u0438\u043b\u043e\u0432\u043e\u043c\u0443 \u0434\u0432\u043e\u0435\u0431\u043e\u0440\u044c\u044e \u0438 \u0434\u0432\u043e\u0435\u0431\u043e\u0440\u044c\u044e.",
      "short_name": "STAR WALL (25.12.2020)",
      "country": null,
      "region": "",
      "town": "",
      "start_time": "2020-12-25T07:00:00Z",
      "end_time": "2020-12-26T19:00:00Z",
      "status": 1,
      "sponsors": null,
      "description": "",
      "provisions_dk": "",
      "provisions_bezdk": "",
      "nominations": "",
      "photo_vk": "",
      "video_youtube": "",
      "is_active": true,
      "created": "2019-10-30T17:59:55.022Z",
      "updated": "2019-10-30T17:59:55.022Z"
   }
},
{
   "model": "tournaments.tournamentimage",
   "pk": 1,
   "fields": {
      "tournament": 1,
      "image": "tournaments_images/cfo_SI3Aj0b.jpg",
      "is_main": true,
      "is_active": true,
      "created": "2019-08-11T20:34:51.989Z",
      "updated": "2019-08-11T20:34:51.989Z"
   }
},
{
   "model": "tournaments.tournamentimage",
   "pk": 2,
   "fields": {
      "tournament": 2,
      "image": "tournaments_images/news_gfp_img_5.jpg",
      "is_main": true,
      "is_active": true,
      "created": "2019-08-11T20:43:17.006Z",
      "updated": "2019-08-11T20:43:17.006Z"
   }
},
{
   "model": "tournaments.tournamentimage",
   "pk": 3,
   "fields": {
      "tournament": 3,
      "image": "tournaments_images/Orel_afisha_partnery.jpg",
      "is_main": true,
      "is_active": true,
      "created": "2019-08-11T20:47:27.258Z",
      "updated": "2019-08-11T20:47:27.258Z"
   }
},
{
   "model": "tournaments.tournamentimage",
   "pk": 4,
   "fields": {
      "tournament": 4,
      "image": "tournaments_images/start_wall_ZMT_WAjcsem.jpg",
      "is_main": true,
      "is_active": true,
      "created": "2019-10-18T08:52:28.455Z",
      "updated": "2019-10-18T08:52:28.455Z"
   }
},
{
   "model": "tournaments.tournamentimage",
   "pk": 5,
   "fields": {
      "tournament": 5,
      "image": "tournaments_images/no_name.jpg",
      "is_main": true,
      "is_active": true,
      "created": "2019-10-29T13:00:35.949Z",
      "updated": "2019-10-29T13:00:35.949Z"
   }
},
{
   "model": "tournaments.tournamentimage",
   "pk": 6,
   "fields": {
      "tournament": 6,
      "image": "tournaments_images/no_name_piCfqm8.jpg",
      "is_main": true,
      "is_active": true,
      "created": "2019-10-30T17:56:09.567Z",
      "updated": "2019-10-30T17:56:09.567Z"
   }
},
{
   "model": "tournaments.tournamentimage",
   "pk": 7,
   "fields": {
      "tournament": 7,
      "image": "tournaments_images/no_name_VF5Lr1E.jpg",
      "is_main": true,
      "is_active": true,
      "created": "2019-10-30T17:56:54.968Z",
      "updated": "2019-10-30T17:56:54.968Z"
   }
},
{
   "model": "tournaments.tournamentimage",
   "pk": 8,
   "fields": {
      "tournament": 8,
      "image": "tournaments_images/no_name_VenSQu2.jpg",
      "is_main": true,
      "is_active": true,
      "created": "2019-10-30T17:59:55.033Z",
      "updated": "2019-10-30T17:59:55.033Z"
   }
},
{
   "model": "reviews.review",
   "pk": 1,
   "fields": {
      "first_name": "\u0420\u043e\u0441\u0442\u0438\u0441\u043b\u0430\u0432",
      "last_name": "\u0422\u0438\u0445\u043e\u043d\u043e\u0432",
      "message": "\u041f\u0440\u043e\u0432\u0451\u043b \u043e\u0442\u043b\u0438\u0447\u043d\u0443\u044e \u0442\u0440\u0435\u043d\u0438\u0440\u043e\u0432\u043a\u0443 \u0432 \u0441\u0430\u043c\u043e\u043c \u043a\u0440\u0443\u0442\u043e\u043c \u0437\u0430\u043b\u0435 \u0434\u043b\u044f \u043f\u0430\u0443\u044d\u0440\u043b\u0438\u0444\u0442\u0438\u043d\u0433\u0430 \u0433. \u041a\u0443\u0440\u0441\u043a\u0430 \u0443 GFP. \u0417\u0430\u043b\u044b \u043e\u0442\u043b\u0438\u0447\u043d\u043e \u043f\u043e\u0434\u0445\u043e\u0434\u044f\u0442 \u043a\u0430\u043a \u0434\u043b\u044f \u043f\u0430\u0443\u044d\u0440\u043b\u0438\u0444\u0442\u0438\u043d\u0433\u0430, \u0442\u0430\u043a \u0438 \u0434\u043b\u044f \u0435\u0433\u043e \u043e\u0442\u0434\u0435\u043b\u044c\u043d\u044b\u0445 \u0434\u0432\u0438\u0436\u0435\u043d\u0438\u0439 (\u0441\u0442\u0430\u043d\u043e\u0432\u0430\u044f \u0442\u044f\u0433\u0430, \u0436\u0438\u043c \u043b\u0451\u0436\u0430), \u0442.\u043a. \u0435\u0441\u0442\u044c \u0432\u0441\u0451 \u043d\u0435\u043e\u0431\u0445\u043e\u0434\u0438\u043c\u043e\u0435 \u0434\u043b\u044f \u0442\u0440\u0435\u043d\u0438\u0440\u043e\u0432\u043e\u043a, \u0430 \u0438\u043c\u0435\u043d\u043d\u043e: \u043e\u0442\u043b\u0438\u0447\u043d\u044b\u0435 \u0442\u044f\u0433\u043e\u0432\u044b\u0435 \u0433\u0440\u0438\u0444\u044b, \u043d\u043e\u0432\u044b\u0435 \u0441\u043a\u0430\u043c\u044c\u0438 \u0434\u043b\u044f \u0436\u0438\u043c\u0430 \u0438 \u043c\u043e\u043d\u043e\u043b\u0438\u0444\u0442 \ud83d\udcaa",
      "is_active": true,
      "created": "2019-08-11T23:34:09.971Z",
      "updated": "2019-08-11T23:34:09.971Z"
   }
},
{
   "model": "reviews.review",
   "pk": 2,
   "fields": {
      "first_name": "\u0414\u0435\u043d\u0438\u0441",
      "last_name": "\u0410\u043b\u0451\u0448\u0438\u043d",
      "message": "\u041e\u0442 \u0441\u043e\u0440\u0435\u0432\u043d\u043e\u0432\u0430\u043d\u0438\u0439 \u043f\u043e\u043b\u0443\u0447\u0438\u043b \u043c\u043d\u043e\u0433\u043e \u043f\u043e\u043b\u043e\u0436\u0438\u0442\u0435\u043b\u044c\u043d\u044b\u0445 \u044d\u043c\u043e\u0446\u0438\u0439. \u0421\u043f\u0430\u0441\u0438\u0431\u043e \u043e\u0440\u0433\u0430\u043d\u0438\u0437\u0430\u0442\u043e\u0440\u0430\u043c \u0442\u0443\u0440\u043d\u0438\u0440\u0430, \u0432\u0441\u0435 \u0431\u044b\u043b\u043e \u043f\u043e \u0440\u0435\u0433\u043b\u0430\u043c\u0435\u043d\u0442\u0443! \u041f\u043b\u0430\u043d\u0438\u0440\u0443\u044e \u0442\u0435\u043f\u0435\u0440\u044c \u0432\u044b\u0441\u0442\u0443\u043f\u0438\u0442\u044c \u0432 \u0430\u0432\u0433\u0443\u0441\u0442\u0435 \u0438 \u043d\u0430 \u044d\u0442\u043e\u043c \u0437\u0430\u043a\u043e\u043d\u0447\u0438\u0442\u044c \u0432\u044b\u0441\u0442\u0443\u043f\u043b\u0435\u043d\u0438\u044f \u0432 \u044d\u0442\u043e\u043c \u0433\u043e\u0434\u0443, \u043d\u0430\u0434\u043e \u043e\u0442\u0434\u043e\u0445\u043d\u0443\u0442\u044c, \u0445\u043e\u0442\u044f \u043f\u043e\u0436\u0438\u0432\u0435\u043c \u0443\u0432\u0438\u0434\u0438\u043c",
      "is_active": true,
      "created": "2019-08-11T23:43:36.880Z",
      "updated": "2019-08-11T23:43:36.880Z"
   }
},
{
   "model": "reviews.review",
   "pk": 3,
   "fields": {
      "first_name": "\u041d\u0438\u043a\u043e\u043b\u0430\u0439",
      "last_name": "\u041e\u0433\u043d\u0435\u0432\u043e\u0439",
      "message": "\u041c\u0435\u0441\u0442\u043e \u0434\u043b\u044f \u0441\u043e\u0440\u0435\u0432\u043d\u043e\u0432\u0430\u043d\u0438\u0439 \u043e\u0447\u0435\u043d\u044c \u0443\u0434\u0430\u0447\u043d\u043e\u0435, \u0431\u044b\u0432\u0448\u0438\u0439 \u0438\u0437\u0432\u0435\u0441\u0442\u043d\u044b\u0439 \u043a\u0438\u043d\u043e\u0442\u0435\u0430\u0442\u0440 \u0438\u043c. \u0429\u0435\u043f\u043a\u0438\u043d\u0430, \u043d\u044b\u043d\u0435 \u041a\u0422\u0417 \"\u0417\u0432\u0435\u0437\u0434\u043d\u044b\u0439\". \u0420\u0430\u0437\u043c\u0438\u043d\u043e\u0447\u043d\u0430\u044f \u0437\u043e\u043d\u0430 \u0438 \u043e\u0440\u0433\u0430\u043d\u0438\u0437\u0430\u0446\u0438\u044f \u0442\u0443\u0440\u043d\u0438\u0440\u0430 \u043a\u0430\u043a \u0432\u0441\u0435\u0433\u0434\u0430 \u043d\u0430 \u0443\u0440\u043e\u0432\u043d\u0435! \u0421\u043f\u0430\u0441\u0438\u0431\u043e \u0434\u0440\u0443\u0437\u044c\u044f\u043c \u0438 \u043a\u043e\u043b\u043b\u0435\u0433\u0430\u043c \u043f\u043e \u0436\u0438\u043c\u0443 \u0437\u0430 \u043f\u043e\u0434\u0434\u0435\u0440\u0436\u043a\u0443 \u0438 \u0441\u043e\u0440\u0435\u0432\u043d\u043e\u0432\u0430\u0442\u0435\u043b\u044c\u043d\u043d\u044b\u0439 \u043d\u0430\u0441\u0442\u0440\u043e\u0439!",
      "is_active": true,
      "created": "2019-08-11T23:44:25.941Z",
      "updated": "2019-08-11T23:44:25.941Z"
   }
},
{
   "model": "reviews.review",
   "pk": 4,
   "fields": {
      "first_name": "\u0421\u0435\u0440\u0433\u0435\u0439",
      "last_name": "\u0410\u043d\u0446\u044b\u0448\u043a\u0438\u043d",
      "message": "14.04.2018 \u0432 \u0433.\u041a\u0443\u0440\u0441\u043a \u043f\u0440\u043e\u0445\u043e\u0434\u0438\u043b \u0412\u0441\u0435\u0440\u043e\u0441\u0441\u0438\u0439\u0441\u043a\u0438\u0439 \u043c\u0430\u0441\u0442\u0435\u0440\u0441\u043a\u0438\u0439 \u0442\u0443\u0440\u043d\u0438\u0440 \"\u041d\u0430\u0441\u043b\u0435\u0434\u0438\u0435 \u043f\u0440\u0435\u0434\u043a\u043e\u0432\" \u043f\u043e \u043f\u0430\u0443\u044d\u0440\u043b\u0438\u0444\u0442\u0438\u043d\u0433\u0443 \u0438 \u0435\u0433\u043e \u043e\u0442\u0434\u0435\u043b\u044c\u043d\u044b\u043c \u0434\u0432\u0438\u0436\u0435\u043d\u0438\u044f\u043c. \u041d\u0435 \u043f\u0435\u0440\u0435\u0441\u0442\u0430\u0435\u0442 \u0440\u0430\u0434\u043e\u0432\u0430\u0442\u044c \u043e\u0440\u0433\u0430\u043d\u0438\u0437\u0430\u0446\u0438\u044f \u0438 \u0443\u044e\u0442\u043d\u0430\u044f \u0430\u0442\u043c\u043e\u0441\u0444\u0435\u0440\u0430 \u0441\u043e\u0440\u0435\u0432\u043d\u043e\u0432\u0430\u043d\u0438\u0439. \u0417\u0430 \u044d\u0442\u043e \u0431\u043e\u043b\u044c\u0448\u043e\u0435 \u0441\u043f\u0430\u0441\u0438\u0431\u043e \u041a\u043e\u043d\u0441\u0442\u0430\u043d\u0442\u0438\u043d\u043e\u0432\u0443 \u0420\u043e\u043c\u0430\u043d\u0443 \u0438 \u0435\u0433\u043e \u043a\u043e\u043c\u0430\u043d\u0434\u0435!",
      "is_active": true,
      "created": "2019-08-11T23:45:12.340Z",
      "updated": "2019-08-11T23:45:12.340Z"
   }
},
{
   "model": "reviews.review",
   "pk": 5,
   "fields": {
      "first_name": "\u0421\u0438\u0441\u0442\u0435\u043c\u0430",
      "last_name": "\u041a\u043e\u043c\u043f\u043b\u0435\u043a\u0441",
      "message": "\u0421\u0435\u0433\u043e\u0434\u043d\u044f \u0441\u043e\u0441\u0442\u043e\u044f\u043b\u0441\u044f \u00ab\u041c\u0430\u0441\u0442\u0435\u0440\u0441\u043a\u0438\u0439 \u0442\u0443\u0440\u043d\u0438\u0440 \u0438 \u043e\u0442\u043a\u0440\u044b\u0442\u044b\u0439 \u0447\u0435\u043c\u043f\u0438\u043e\u043d\u0430\u0442 \u041e\u0440\u043b\u043e\u0432\u0441\u043a\u043e\u0439 \u043e\u0431\u043b\u0430\u0441\u0442\u0438 \u043f\u043e \u043f\u0430\u0443\u044d\u0440\u043b\u0438\u0444\u0442\u0438\u043d\u0433\u0443\u00bb \u043d\u0430 \u0431\u0430\u0437\u0435 \u041e\u0440\u043b\u043e\u0432\u0441\u043a\u043e\u0433\u043e \u0413\u043e\u0441\u0443\u0434\u0430\u0440\u0441\u0442\u0432\u0435\u043d\u043d\u043e\u0433\u043e \u0423\u043d\u0438\u0432\u0435\u0440\u0441\u0438\u0442\u0435\u0442\u0430, \u043e\u0434\u043d\u0438\u043c \u0438\u0437 \u0441\u043f\u043e\u043d\u0441\u043e\u0440\u043e\u0432 \u043a\u043e\u0442\u043e\u0440\u043e\u0433\u043e \u0432\u044b\u0441\u0442\u0443\u043f\u0438\u043b \u043d\u0430\u0448 \u0444\u0438\u0442\u043d\u0435\u0441 \u043a\u043b\u0443\u0431 \u00ab\u0421\u0438\u0441\u0442\u0435\u043c\u0430 \u041a\u043e\u043c\u043f\u043b\u0435\u043a\u0441\u00bb! \u042d\u0442\u043e \u0431\u044b\u043b\u043e \u043e\u0447\u0435\u043d\u044c \u0438\u043d\u0442\u0435\u0440\u0435\u0441\u043d\u043e\u0435 \u0438 \u0437\u0430\u0445\u0432\u0430\u0442\u044b\u0432\u0430\u044e\u0449\u0435\u0435 \u0437\u0440\u0435\u043b\u0438\u0449\u0435. \u041f\u0440\u0438\u044f\u0442\u043d\u043e \u043e\u0442\u043c\u0435\u0442\u0438\u0442\u044c, \u0447\u0442\u043e \u0442\u0443\u0440\u043d\u0438\u0440 \u0441\u043e\u0431\u0440\u0430\u043b \u201c\u0440\u0430\u0437\u043d\u043e\u0448\u0435\u0440\u0441\u0442\u043d\u044b\u0439\u201d \u0441\u043e\u0441\u0442\u0430\u0432 \u0443\u0447\u0430\u0441\u0442\u043d\u0438\u043a\u043e\u0432, \u043c\u043d\u043e\u0433\u0438\u0435 \u0438\u0437 \u043a\u043e\u0442\u043e\u0440\u044b\u0445 \u0438\u043c\u0435\u044e\u0442 \u043e\u043f\u044b\u0442 \u0432\u044b\u0441\u0442\u0443\u043f\u043b\u0435\u043d\u0438\u044f \u0432 \u043f\u0430\u0443\u044d\u0440\u043b\u0438\u0444\u0442\u0438\u043d\u0433\u0435, \u0431\u043e\u0434\u0438\u0431\u0438\u043b\u0434\u0438\u043d\u0433\u0435 \u0438 \u043a\u0440\u043e\u0441\u0441\u0444\u0438\u0442\u0435 \u043d\u0430 \u0442\u0443\u0440\u043d\u0438\u0440\u0430\u0445 \u0432\u044b\u0441\u043e\u043a\u043e\u0433\u043e \u0443\u0440\u043e\u0432\u043d\u044f!",
      "is_active": true,
      "created": "2019-08-11T23:45:49.208Z",
      "updated": "2019-08-11T23:45:49.208Z"
   }
},
{
   "model": "reviews.reviewimage",
   "pk": 1,
   "fields": {
      "review": 1,
      "image": "review_images/otzivi_gfp_img_1.jpg",
      "is_main": true,
      "is_active": true,
      "created": "2019-08-11T23:34:10.135Z",
      "updated": "2019-08-11T23:34:10.135Z"
   }
},
{
   "model": "reviews.reviewimage",
   "pk": 2,
   "fields": {
      "review": 2,
      "image": "review_images/otzivi_gfp_img_2.jpg",
      "is_main": true,
      "is_active": true,
      "created": "2019-08-11T23:43:36.963Z",
      "updated": "2019-08-11T23:43:36.964Z"
   }
},
{
   "model": "reviews.reviewimage",
   "pk": 3,
   "fields": {
      "review": 3,
      "image": "review_images/otzivi_gfp_img_3.jpg",
      "is_main": true,
      "is_active": true,
      "created": "2019-08-11T23:44:25.950Z",
      "updated": "2019-08-11T23:44:25.950Z"
   }
},
{
   "model": "reviews.reviewimage",
   "pk": 4,
   "fields": {
      "review": 4,
      "image": "review_images/otzivi_gfp_img_4.jpg",
      "is_main": true,
      "is_active": true,
      "created": "2019-08-11T23:45:12.347Z",
      "updated": "2019-08-11T23:45:12.347Z"
   }
},
{
   "model": "reviews.reviewimage",
   "pk": 5,
   "fields": {
      "review": 5,
      "image": "review_images/otzivi_gfp_img_5.jpg",
      "is_main": true,
      "is_active": true,
      "created": "2019-08-11T23:45:49.216Z",
      "updated": "2019-08-11T23:45:49.216Z"
   }
},
{
   "model": "broadcast.broadcast",
   "pk": 1,
   "fields": {
      "name": "\u041e\u0442\u043a\u0440\u044b\u0442\u044b\u0439 \u043c\u0430\u0441\u0442\u0435\u0440\u0441\u043a\u0438\u0439 \u0442\u0443\u0440\u043d\u0438\u0440 \u00abFortior est Ferrum\u00bb, \u0433. \u041e\u0440\u0435\u043b",
      "url": "",
      "is_active": true,
      "created": "2019-08-17T15:00:56Z",
      "updated": "2019-08-17T15:00:56Z"
   }
},
{
   "model": "doping_testing.doping",
   "pk": 1,
   "fields": {
      "laboratory": "\u0413\u0411\u0423\u0417 \"\u041d\u0418\u0418 \u0421\u043a\u043e\u0440\u043e\u0439 \u043f\u043e\u043c\u043e\u0449\u0438 \u0438\u043c. \u0421\u043a\u043b\u0438\u0444\u043e\u0441\u043e\u0432\u0441\u043a\u043e\u0433\u043e \u0434\u0435\u043f\u0430\u0440\u0442\u0430\u043c\u0435\u043d\u0442\u0430 \u0437\u0434\u0440\u0430\u0432\u043e\u043e\u0445\u0440\u0430\u043d\u0435\u043d\u0438\u044f \u0433. \u041c\u043e\u0441\u043a\u0432\u044b\"",
      "illicit_drugs": "https://drive.google.com/open?id=1w_xO8bTthONiWDsVuV6JlL9iQOSUVUET",
      "anti_doping_rules": "https://drive.google.com/open?id=1GrA99_QBsm7FvqaAvVceq1wElEcY0Dv3",
      "is_active": true,
      "created": "2019-08-19T21:44:04Z",
      "updated": "2019-08-19T21:44:04Z"
   }
},
{
   "model": "doping_testing.autopsystatus",
   "pk": 1,
   "fields": {
      "name": "\u0412 \u043e\u0431\u0440\u0430\u0431\u043e\u0442\u043a\u0435",
      "is_active": true,
      "created": "2019-08-19T21:43:05.048Z",
      "updated": "2019-08-19T21:43:05.048Z"
   }
},
{
   "model": "doping_testing.autopsystatus",
   "pk": 2,
   "fields": {
      "name": "\u041f\u0440\u043e\u0431\u0430 \u043f\u043e\u043b\u043e\u0436\u0438\u0442\u0435\u043b\u044c\u043d\u0430\u044f",
      "is_active": true,
      "created": "2019-08-19T21:43:38.498Z",
      "updated": "2019-08-19T21:43:38.498Z"
   }
},
{
   "model": "doping_testing.autopsystatus",
   "pk": 3,
   "fields": {
      "name": "\u041f\u0440\u043e\u0431\u0430 \u043e\u0442\u0440\u0438\u0446\u0430\u0442\u0435\u043b\u044c\u043d\u0430\u044f",
      "is_active": true,
      "created": "2019-08-19T21:43:46.878Z",
      "updated": "2019-08-19T21:43:46.878Z"
   }
},
{
   "model": "doping_testing.autopsy",
   "pk": 1,
   "fields": {
      "first_name": "\u0414\u043c\u0438\u0442\u0440\u0438\u0439",
      "last_name": "\u041c\u0430\u043b\u044c\u0446\u0435\u0432",
      "middle_name": "\u0414\u043c\u0438\u0442\u0440\u0438\u0435\u0432\u0438\u0447",
      "email": "madi-85010@yandex.ru",
      "phone": "89508790881",
      "dob": "1985-12-22",
      "status": 1,
      "is_active": true,
      "created": "2019-08-19T21:57:07Z",
      "updated": "2019-08-19T21:57:07Z"
   }
},
{
   "model": "doping_testing.autopsy",
   "pk": 2,
   "fields": {
      "first_name": "\u0420\u043e\u043c\u0430\u043d",
      "last_name": "\u041a\u043e\u043d\u0441\u0442\u0430\u043d\u0442\u0438\u043d\u043e\u0432",
      "middle_name": "\u0414\u043c\u0438\u0442\u0440\u0438\u0435\u0432\u0438\u0447",
      "email": "info@russia.ru",
      "phone": "89508790881",
      "dob": "1995-06-25",
      "status": 1,
      "is_active": true,
      "created": "2019-08-21T21:24:39Z",
      "updated": "2019-08-21T21:24:39Z"
   }
},
{
   "model": "doping_testing.autopsy",
   "pk": 3,
   "fields": {
      "first_name": "\u041e\u043b\u0435\u0433",
      "last_name": "\u0428\u0435\u0432\u0446\u043e\u0432",
      "middle_name": "\u041a\u043e\u043d\u0441\u0442\u0430\u043d\u0442\u0438\u043d\u043e\u0432\u0438\u0447",
      "email": "aspirpd@gmail.com",
      "phone": "89508790881",
      "dob": "2001-12-20",
      "status": 1,
      "is_active": true,
      "created": "2019-08-21T21:27:59Z",
      "updated": "2019-08-21T21:27:59Z"
   }
},
{
   "model": "doping_testing.autopsy",
   "pk": 4,
   "fields": {
      "first_name": "\u041f\u0430\u0432\u0435\u043b",
      "last_name": "\u042d\u0445\u043e",
      "middle_name": "\u0414\u043c\u0438\u0442\u0440\u0438\u0435\u0432\u0438\u0447",
      "email": "aspirpd@gmail.com",
      "phone": "89508790881",
      "dob": "1990-06-25",
      "status": 1,
      "is_active": true,
      "created": "2019-08-21T21:28:14Z",
      "updated": "2019-08-21T21:28:14Z"
   }
},
{
   "model": "doping_testing.autopsy",
   "pk": 5,
   "fields": {
      "first_name": "\u0410\u043b\u0435\u043a\u0441\u0430\u043d\u0434\u0440",
      "last_name": "\u0412\u043e\u0440\u043e\u043d\u0438\u043d",
      "middle_name": "\u0414\u043c\u0438\u0442\u0440\u0438\u0435\u0432\u0438\u0447",
      "email": "dimis12@gmail.com",
      "phone": "89508790881",
      "dob": "1978-03-08",
      "status": 1,
      "is_active": true,
      "created": "2019-08-21T21:34:44Z",
      "updated": "2019-08-21T21:34:44Z"
   }
},
{
   "model": "doping_testing.autopsy",
   "pk": 6,
   "fields": {
      "first_name": "\u0415\u043a\u0430\u0442\u0435\u0440\u0438\u043d\u0430",
      "last_name": "\u0416\u0438\u0433\u0443\u043b\u0438\u043d\u0430",
      "middle_name": "\u0412\u044f\u0447\u0435\u0441\u043b\u0430\u0432\u043e\u0432\u043d\u0430",
      "email": "oeg@gmail.com",
      "phone": "89508881313",
      "dob": "1999-01-06",
      "status": 1,
      "is_active": true,
      "created": "2019-08-21T21:37:22Z",
      "updated": "2019-08-21T21:37:22Z"
   }
},
{
   "model": "documents.document",
   "pk": 1,
   "fields": {
      "name": "\u0414\u043e\u043a\u0443\u043c\u0435\u043d\u0442\u044b \u0432 \u041c\u0415\u041d\u042e",
      "rules": "https://drive.google.com/open?id=15H9iyOhTPlLa6ghJf0cDqy_Z130-TL9N",
      "rules_sfo": "https://drive.google.com/open?id=1E6qRZTiEyD7g3pO5gd0jmha3rLdkzH7W",
      "standards": "https://drive.google.com/open?id=1H99g90RvyIvJXa3i3UiiEBAWA9cfuwei",
      "sports_regulations": "https://drive.google.com/open?id=1YNrmutcj3qthchxFAovLMu6JFGlWbs_V",
      "norms_sports_titles_dk": "https://drive.google.com/open?id=1f41Ie-E8nX44HnNYRbBCtEFlNEGvy1JZ",
      "norms_sports_titles_bez_dk": "https://drive.google.com/open?id=1NBZ8NlRlAwJm_EwpbRXXPPhsdlx33hcw",
      "tests_secretary": "https://drive.google.com/open?id=1ali3MTSnnMdZq5eSogIW5JrDWjmxzqBu",
      "tests_judge": "https://drive.google.com/open?id=1h4MDbdqfywkIYb02PFoEAf8gu6DWhEN_",
      "is_active": true,
      "created": "2019-08-20T15:38:42Z",
      "updated": "2019-08-20T15:38:42Z"
   }
},
{
   "model": "sportsman.status",
   "pk": 1,
   "fields": {
      "name": "\u041f\u043e\u0434\u0442\u0432\u0435\u0440\u0436\u0434\u0435\u043d\u043d\u044b\u0439",
      "is_active": true,
      "created": "2019-08-27",
      "updated": "2019-08-27"
   }
},
{
   "model": "sportsman.status",
   "pk": 2,
   "fields": {
      "name": "\u041d\u0435 \u043f\u043e\u0434\u0442\u0432\u0435\u0440\u0436\u0434\u0435\u043d\u043d\u044b\u0439",
      "is_active": true,
      "created": "2019-09-22",
      "updated": "2019-09-22"
   }
},
{
   "model": "sportsman.status",
   "pk": 3,
   "fields": {
      "name": "\u0414\u0438\u0441\u043a\u0432\u0430\u043b\u0438\u0444\u0438\u0446\u0438\u0440\u043e\u0432\u0430\u043d\u043d\u044b\u0439",
      "is_active": true,
      "created": "2019-09-22",
      "updated": "2019-09-22"
   }
},
{
   "model": "sportsman.status",
   "pk": 4,
   "fields": {
      "name": "\u041e\u0436\u0438\u0434\u0430\u0435\u0442",
      "is_active": true,
      "created": "2019-09-22",
      "updated": "2019-09-22"
   }
},
{
   "model": "sportsman.gender",
   "pk": 1,
   "fields": {
      "name": "\u043c\u0443\u0436",
      "is_active": true,
      "created": "2019-08-27",
      "updated": "2019-08-27"
   }
},
{
   "model": "sportsman.gender",
   "pk": 2,
   "fields": {
      "name": "\u0436\u0435\u043d",
      "is_active": true,
      "created": "2019-08-27",
      "updated": "2019-08-27"
   }
},
{
   "model": "sportsman.gender",
   "pk": 3,
   "fields": {
      "name": "\u043d\\\u043e",
      "is_active": true,
      "created": "2019-09-17",
      "updated": "2019-09-17"
   }
},
{
   "model": "sportsman.line_up",
   "pk": 1,
   "fields": {
      "name": "\u041b\u0438\u0447\u043d\u043e",
      "is_active": true,
      "created": "2019-08-27",
      "updated": "2019-08-27"
   }
},
{
   "model": "sportsman.line_up",
   "pk": 2,
   "fields": {
      "name": "\u041a\u043e\u043c\u0430\u043d\u0434\u043d\u043e",
      "is_active": true,
      "created": "2019-10-17",
      "updated": "2019-10-17"
   }
},
{
   "model": "sportsman.division",
   "pk": 1,
   "fields": {
      "name": "\u0421 \u043f\u0440\u043e\u0445\u043e\u0436\u0434\u0435\u043d\u0438\u0435\u043c \u0434\u043e\u043f\u0438\u043d\u0433-\u0442\u0435\u0441\u0442\u0430",
      "is_active": true,
      "created": "2019-08-27",
      "updated": "2019-08-27"
   }
},
{
   "model": "sportsman.division",
   "pk": 2,
   "fields": {
      "name": "\u0411\u0435\u0437 \u043f\u0440\u043e\u0445\u043e\u0436\u0434\u0435\u043d\u0438\u044f \u0434\u043e\u043f\u0438\u043d\u0433 \u0442\u0435\u0441\u0442\u0430",
      "is_active": true,
      "created": "2019-09-03",
      "updated": "2019-09-03"
   }
},
{
   "model": "sportsman.discipline",
   "pk": 1,
   "fields": {
      "name": "\u0416\u0438\u043c \u043b\u0435\u0436\u0430 \u0431\u0435\u0437 \u044d\u043a\u0438\u043f\u0438\u0440\u043e\u0432\u043a\u0438",
      "is_active": true,
      "created": "2019-08-27",
      "updated": "2019-08-27"
   }
},
{
   "model": "sportsman.discipline",
   "pk": 2,
   "fields": {
      "name": "\u0416\u0438\u043c \u043b\u0435\u0436\u0430 \u0432 \u043e\u0434\u043d\u043e\u0441\u043b\u043e\u0439\u043d\u043e\u0439 \u044d\u043a\u0438\u043f\u0438\u0440\u043e\u0432\u043a\u0435",
      "is_active": true,
      "created": "2019-09-22",
      "updated": "2019-09-22"
   }
},
{
   "model": "sportsman.discipline",
   "pk": 3,
   "fields": {
      "name": "\u0421\u0442\u0430\u043d\u043e\u0432\u0430\u044f \u0442\u044f\u0433\u0430 \u0431\u0435\u0437 \u044d\u043a\u0438\u043f\u0438\u0440\u043e\u0432\u043a\u0438",
      "is_active": true,
      "created": "2019-09-22",
      "updated": "2019-09-22"
   }
},
{
   "model": "sportsman.discipline",
   "pk": 4,
   "fields": {
      "name": "\u0421\u0442\u0430\u043d\u043e\u0432\u0430\u044f \u0442\u044f\u0433\u0430 \u0432 \u043e\u0434\u043d\u043e\u0441\u043b\u043e\u0439\u043d\u043e\u0439 \u044d\u043a\u0438\u043f\u0438\u0440\u043e\u0432\u043a\u0435",
      "is_active": true,
      "created": "2019-09-22",
      "updated": "2019-09-22"
   }
},
{
   "model": "sportsman.discipline",
   "pk": 5,
   "fields": {
      "name": "\u041f\u0430\u0443\u044d\u0440\u043b\u0438\u0444\u0442\u0438\u043d\u0433 \u0431\u0435\u0437 \u044d\u043a\u0438\u043f\u0438\u0440\u043e\u0432\u043a\u0438",
      "is_active": true,
      "created": "2019-09-22",
      "updated": "2019-09-22"
   }
},
{
   "model": "sportsman.discipline",
   "pk": 6,
   "fields": {
      "name": "\u041f\u0430\u0443\u044d\u0440\u043b\u0438\u0444\u0442\u0438\u043d\u0433 \u043a\u043b\u0430\u0441\u0441\u0438\u0447\u0435\u0441\u043a\u0438\u0439",
      "is_active": true,
      "created": "2019-09-22",
      "updated": "2019-09-22"
   }
},
{
   "model": "sportsman.discipline",
   "pk": 7,
   "fields": {
      "name": "\u041f\u0430\u0443\u044d\u0440\u043b\u0438\u0444\u0442\u0438\u043d\u0433 \u0432 \u043e\u0434\u043d\u043e\u0441\u043b\u043e\u0439\u043d\u043e\u0439 \u044d\u043a\u0438\u043f\u0438\u0440\u043e\u0432\u043a\u0435",
      "is_active": true,
      "created": "2019-09-22",
      "updated": "2019-09-22"
   }
},
{
   "model": "sportsman.discipline",
   "pk": 8,
   "fields": {
      "name": "\u0414\u0432\u043e\u0435\u0431\u043e\u0440\u044c\u0435",
      "is_active": true,
      "created": "2019-09-22",
      "updated": "2019-09-22"
   }
},
{
   "model": "sportsman.discipline",
   "pk": 9,
   "fields": {
      "name": "\u0414\u0432\u043e\u0435\u0431\u043e\u0440\u044c\u0435 \u0432 \u043e\u0434\u043d\u043e\u0441\u043b\u043e\u0439\u043d\u043e\u0439 \u044d\u043a\u0438\u043f\u0438\u0440\u043e\u0432\u043a\u0435",
      "is_active": true,
      "created": "2019-09-22",
      "updated": "2019-09-22"
   }
},
{
   "model": "sportsman.discipline",
   "pk": 10,
   "fields": {
      "name": "\u0421\u0438\u043b\u043e\u0432\u043e\u0435 \u0434\u0432\u043e\u0435\u0431\u043e\u0440\u044c\u0435",
      "is_active": true,
      "created": "2019-09-22",
      "updated": "2019-09-22"
   }
},
{
   "model": "sportsman.discipline",
   "pk": 11,
   "fields": {
      "name": "\u0421\u0438\u043b\u043e\u0432\u043e\u0435 \u0434\u0432\u043e\u0435\u0431\u043e\u0440\u044c\u0435 \u043a\u043b\u0430\u0441\u0441\u0438\u0447\u0435\u0441\u043a\u043e\u0435",
      "is_active": true,
      "created": "2019-09-22",
      "updated": "2019-09-22"
   }
},
{
   "model": "sportsman.discipline",
   "pk": 12,
   "fields": {
      "name": "\u0421\u0438\u043b\u043e\u0432\u043e\u0435 \u0434\u0432\u043e\u0435\u0431\u043e\u0440\u044c\u0435 \u0432 \u043e\u0434\u043d\u043e\u0441\u043b\u043e\u0439\u043d\u043e\u0439 \u044d\u043a\u0438\u043f\u0438\u0440\u043e\u0432\u043a\u0435",
      "is_active": true,
      "created": "2019-09-22",
      "updated": "2019-09-22"
   }
},
{
   "model": "sportsman.discipline",
   "pk": 13,
   "fields": {
      "name": "\u0416\u0438\u043c \u043b\u0435\u0436\u0430 \u0421\u0424\u041e",
      "is_active": true,
      "created": "2019-09-22",
      "updated": "2019-09-22"
   }
},
{
   "model": "sportsman.age_category",
   "pk": 1,
   "fields": {
      "name": "\u042e\u043d\u043e\u0448\u0438/\u0414\u0435\u0432\u0443\u0448\u043a\u0438 (14-18 \u043b\u0435\u0442)",
      "is_active": true,
      "created": "2019-08-27",
      "updated": "2019-08-27"
   }
},
{
   "model": "sportsman.age_category",
   "pk": 2,
   "fields": {
      "name": "\u042e\u043d\u0438\u043e\u0440\u044b (19-23 \u043b\u0435\u0442)",
      "is_active": true,
      "created": "2019-09-22",
      "updated": "2019-09-22"
   }
},
{
   "model": "sportsman.age_category",
   "pk": 3,
   "fields": {
      "name": "\u041e\u0442\u043a\u0440\u044b\u0442\u0430\u044f (24-39 \u043b\u0435\u0442)",
      "is_active": true,
      "created": "2019-09-22",
      "updated": "2019-09-22"
   }
},
{
   "model": "sportsman.age_category",
   "pk": 4,
   "fields": {
      "name": "\u0412\u0435\u0442\u0435\u0440\u0430\u043d\u044b I \u0433\u0440. (40-49 \u043b\u0435\u0442)",
      "is_active": true,
      "created": "2019-09-22",
      "updated": "2019-09-22"
   }
},
{
   "model": "sportsman.age_category",
   "pk": 5,
   "fields": {
      "name": "\u0412\u0435\u0442\u0435\u0440\u0430\u043d\u044b II \u0433\u0440. (50-59 \u043b\u0435\u0442)",
      "is_active": true,
      "created": "2019-09-22",
      "updated": "2019-09-22"
   }
},
{
   "model": "sportsman.age_category",
   "pk": 6,
   "fields": {
      "name": "\u0412\u0435\u0442\u0435\u0440\u0430\u043d\u044b III \u0433\u0440. (60-69 \u043b\u0435\u0442)",
      "is_active": true,
      "created": "2019-09-22",
      "updated": "2019-09-22"
   }
},
{
   "model": "sportsman.age_category",
   "pk": 7,
   "fields": {
      "name": "\u0412\u0435\u0442\u0435\u0440\u0430\u043d\u044b IV \u0433\u0440. (70 \u043b\u0435\u0442 \u0438 \u0441\u0442\u0430\u0440\u0448\u0435)",
      "is_active": true,
      "created": "2019-09-22",
      "updated": "2019-09-22"
   }
},
{
   "model": "sportsman.weight_category",
   "pk": 1,
   "fields": {
      "name": "45 (\u0436\u0435\u043d\u0449\u0438\u043d\u044b)",
      "is_active": true,
      "created": "2019-08-27",
      "updated": "2019-08-27"
   }
},
{
   "model": "sportsman.weight_category",
   "pk": 2,
   "fields": {
      "name": "50 (\u0436\u0435\u043d\u0449\u0438\u043d\u044b)",
      "is_active": true,
      "created": "2019-09-22",
      "updated": "2019-09-22"
   }
},
{
   "model": "sportsman.weight_category",
   "pk": 3,
   "fields": {
      "name": "55 (\u0436\u0435\u043d\u0449\u0438\u043d\u044b)",
      "is_active": true,
      "created": "2019-09-22",
      "updated": "2019-09-22"
   }
},
{
   "model": "sportsman.weight_category",
   "pk": 4,
   "fields": {
      "name": "60 (\u0436\u0435\u043d\u0449\u0438\u043d\u044b)",
      "is_active": true,
      "created": "2019-09-22",
      "updated": "2019-09-22"
   }
},
{
   "model": "sportsman.weight_category",
   "pk": 5,
   "fields": {
      "name": "65 (\u0436\u0435\u043d\u0449\u0438\u043d\u044b)",
      "is_active": true,
      "created": "2019-09-22",
      "updated": "2019-09-22"
   }
},
{
   "model": "sportsman.weight_category",
   "pk": 6,
   "fields": {
      "name": "70 (\u0436\u0435\u043d\u0449\u0438\u043d\u044b)",
      "is_active": false,
      "created": "2019-09-22",
      "updated": "2019-09-22"
   }
},
{
   "model": "sportsman.weight_category",
   "pk": 7,
   "fields": {
      "name": "75 (\u0436\u0435\u043d\u0449\u0438\u043d\u044b)",
      "is_active": true,
      "created": "2019-09-22",
      "updated": "2019-09-22"
   }
},
{
   "model": "sportsman.weight_category",
   "pk": 8,
   "fields": {
      "name": "80 (\u0436\u0435\u043d\u0449\u0438\u043d\u044b)",
      "is_active": false,
      "created": "2019-09-22",
      "updated": "2019-09-22"
   }
},
{
   "model": "sportsman.weight_category",
   "pk": 9,
   "fields": {
      "name": "85 (\u0436\u0435\u043d\u0449\u0438\u043d\u044b)",
      "is_active": true,
      "created": "2019-09-22",
      "updated": "2019-09-22"
   }
},
{
   "model": "sportsman.weight_category",
   "pk": 10,
   "fields": {
      "name": "85+ (\u0436\u0435\u043d\u0449\u0438\u043d\u044b)",
      "is_active": true,
      "created": "2019-09-22",
      "updated": "2019-09-22"
   }
},
{
   "model": "sportsman.weight_category",
   "pk": 11,
   "fields": {
      "name": "55 (\u043c\u0443\u0436\u0447\u0438\u043d\u044b)",
      "is_active": true,
      "created": "2019-09-22",
      "updated": "2019-09-22"
   }
},
{
   "model": "sportsman.weight_category",
   "pk": 12,
   "fields": {
      "name": "60 (\u043c\u0443\u0436\u0447\u0438\u043d\u044b)",
      "is_active": true,
      "created": "2019-09-22",
      "updated": "2019-09-22"
   }
},
{
   "model": "sportsman.weight_category",
   "pk": 13,
   "fields": {
      "name": "65 (\u043c\u0443\u0436\u0447\u0438\u043d\u044b)",
      "is_active": true,
      "created": "2019-09-22",
      "updated": "2019-09-22"
   }
},
{
   "model": "sportsman.weight_category",
   "pk": 14,
   "fields": {
      "name": "75 (\u043c\u0443\u0436\u0447\u0438\u043d\u044b)",
      "is_active": true,
      "created": "2019-09-22",
      "updated": "2019-09-22"
   }
},
{
   "model": "sportsman.weight_category",
   "pk": 15,
   "fields": {
      "name": "85 (\u043c\u0443\u0436\u0447\u0438\u043d\u044b)",
      "is_active": true,
      "created": "2019-09-22",
      "updated": "2019-09-22"
   }
},
{
   "model": "sportsman.weight_category",
   "pk": 16,
   "fields": {
      "name": "95 (\u043c\u0443\u0436\u0447\u0438\u043d\u044b)",
      "is_active": true,
      "created": "2019-09-22",
      "updated": "2019-09-22"
   }
},
{
   "model": "sportsman.weight_category",
   "pk": 17,
   "fields": {
      "name": "105 (\u043c\u0443\u0436\u0447\u0438\u043d\u044b)",
      "is_active": true,
      "created": "2019-09-22",
      "updated": "2019-09-22"
   }
},
{
   "model": "sportsman.weight_category",
   "pk": 18,
   "fields": {
      "name": "120 (\u043c\u0443\u0436\u0447\u0438\u043d\u044b)",
      "is_active": true,
      "created": "2019-09-22",
      "updated": "2019-09-22"
   }
},
{
   "model": "sportsman.weight_category",
   "pk": 19,
   "fields": {
      "name": "135 (\u043c\u0443\u0436\u0447\u0438\u043d\u044b)",
      "is_active": true,
      "created": "2019-09-22",
      "updated": "2019-09-22"
   }
},
{
   "model": "sportsman.weight_category",
   "pk": 20,
   "fields": {
      "name": "135+ (\u043c\u0443\u0436\u0447\u0438\u043d\u044b)",
      "is_active": true,
      "created": "2019-09-22",
      "updated": "2019-09-22"
   }
},
{
   "model": "sportsman.sportsman",
   "pk": 1,
   "fields": {
      "first_name": "3423453",
      "last_name": "\u0413\u0430\u0440\u0435\u0446",
      "middle_name": "\u0414\u043c\u0438\u0442\u0440\u0438\u0435\u0432\u0438\u0447",
      "email": "aspirpd@gmail.com",
      "phone": "89508790881",
      "dob": "1990-06-25",
      "gender": null,
      "weight": null,
      "age": null,
      "raised_weight": "0.0",
      "wilkes": "0.00",
      "country": "\u0420\u043e\u0441\u0441\u0438\u044f",
      "region": "\u041a\u0443\u0440\u0441\u043a\u0430\u044f \u043e\u0431\u043b\u0430\u0441\u0442\u044c",
      "town": "\u041a\u0443\u0440\u0441\u043a",
      "team": null,
      "trainer": "\u041a\u043e\u043d\u0441\u0442\u0430\u043d\u0442\u0438\u043d\u043e\u0432",
      "tournament": null,
      "division": null,
      "discipline": 1,
      "status": 1,
      "is_active": false,
      "created": "2019-08-27",
      "updated": "2019-08-27"
   }
},
{
   "model": "sportsman.sportsman",
   "pk": 2,
   "fields": {
      "first_name": "3423453",
      "last_name": "\u0413\u0430\u0440\u0435\u0446",
      "middle_name": "\u0414\u043c\u0438\u0442\u0440\u0438\u0435\u0432\u0438\u0447",
      "email": "aspirpd@gmail.com",
      "phone": "8481284",
      "dob": "1990-11-11",
      "gender": null,
      "weight": null,
      "age": null,
      "raised_weight": "0.0",
      "wilkes": "0.00",
      "country": "\u0420\u043e\u0441\u0441\u0438\u044f",
      "region": "\u041a\u0443\u0440\u0441\u043a\u0430\u044f",
      "town": "\u041a\u0443\u0440\u0441\u043a",
      "team": null,
      "trainer": "\u041a\u043e\u043d\u0441\u0442\u0430\u043d\u0442\u0438\u043d\u043e\u0432",
      "tournament": null,
      "division": null,
      "discipline": 1,
      "status": null,
      "is_active": false,
      "created": "2019-09-03",
      "updated": "2019-09-03"
   }
},
{
   "model": "sportsman.sportsman",
   "pk": 3,
   "fields": {
      "first_name": "3423453",
      "last_name": "TESTOVAYA",
      "middle_name": "TESTOVAYA",
      "email": "aspirpd@gmail.com",
      "phone": "8888888",
      "dob": "1999-11-11",
      "gender": null,
      "weight": null,
      "age": null,
      "raised_weight": "0.0",
      "wilkes": "0.00",
      "country": "TESTOVAYA",
      "region": "TESTOVAYA",
      "town": "TESTOVAYA",
      "team": null,
      "trainer": "TESTOVAYA",
      "tournament": null,
      "division": null,
      "discipline": 1,
      "status": null,
      "is_active": false,
      "created": "2019-09-03",
      "updated": "2019-09-03"
   }
},
{
   "model": "sportsman.sportsman",
   "pk": 4,
   "fields": {
      "first_name": "3423453",
      "last_name": "test",
      "middle_name": "test",
      "email": "aspirpd@gmail.com",
      "phone": "123456788",
      "dob": "2000-10-20",
      "gender": null,
      "weight": null,
      "age": null,
      "raised_weight": "0.0",
      "wilkes": "0.00",
      "country": "test",
      "region": "test",
      "town": "test",
      "team": null,
      "trainer": "test",
      "tournament": null,
      "division": null,
      "discipline": 1,
      "status": null,
      "is_active": false,
      "created": "2019-09-03",
      "updated": "2019-09-03"
   }
},
{
   "model": "sportsman.sportsman",
   "pk": 5,
   "fields": {
      "first_name": "3423453",
      "last_name": "TEST",
      "middle_name": "TEST",
      "email": "aspirpd@gmail.com",
      "phone": "223132",
      "dob": "2000-11-22",
      "gender": null,
      "weight": null,
      "age": null,
      "raised_weight": "0.0",
      "wilkes": "0.00",
      "country": "TEST",
      "region": "TEST",
      "town": "TEST",
      "team": null,
      "trainer": "TEST",
      "tournament": null,
      "division": null,
      "discipline": 1,
      "status": null,
      "is_active": false,
      "created": "2019-09-03",
      "updated": "2019-09-03"
   }
},
{
   "model": "sportsman.sportsman",
   "pk": 6,
   "fields": {
      "first_name": "3423453",
      "last_name": "default",
      "middle_name": "default",
      "email": "aspirpd@gmail.com",
      "phone": "1122",
      "dob": "1900-11-25",
      "gender": null,
      "weight": null,
      "age": null,
      "raised_weight": "0.0",
      "wilkes": "0.00",
      "country": "default",
      "region": "default",
      "town": "default",
      "team": null,
      "trainer": "default",
      "tournament": null,
      "division": 1,
      "discipline": 1,
      "status": null,
      "is_active": false,
      "created": "2019-09-03",
      "updated": "2019-09-03"
   }
},
{
   "model": "sportsman.sportsman",
   "pk": 7,
   "fields": {
      "first_name": "3423453",
      "last_name": "default",
      "middle_name": "default",
      "email": "aspirpd@gmail.com",
      "phone": "1122",
      "dob": "1900-11-25",
      "gender": null,
      "weight": null,
      "age": null,
      "raised_weight": "0.0",
      "wilkes": "0.00",
      "country": "default",
      "region": "default",
      "town": "default",
      "team": null,
      "trainer": "default",
      "tournament": null,
      "division": 1,
      "discipline": 1,
      "status": null,
      "is_active": false,
      "created": "2019-09-03",
      "updated": "2019-09-03"
   }
},
{
   "model": "sportsman.sportsman",
   "pk": 8,
   "fields": {
      "first_name": "3423453",
      "last_name": "default2",
      "middle_name": "default2",
      "email": "aspirpd@gmail.com",
      "phone": "2211",
      "dob": "1998-01-15",
      "gender": null,
      "weight": null,
      "age": null,
      "raised_weight": "0.0",
      "wilkes": "0.00",
      "country": "default2",
      "region": "default2",
      "town": "default2",
      "team": null,
      "trainer": "default2",
      "tournament": null,
      "division": 1,
      "discipline": 1,
      "status": null,
      "is_active": false,
      "created": "2019-09-03",
      "updated": "2019-09-03"
   }
},
{
   "model": "sportsman.sportsman",
   "pk": 9,
   "fields": {
      "first_name": "3423453",
      "last_name": "default2",
      "middle_name": "default2",
      "email": "aspirpd@gmail.com",
      "phone": "2211",
      "dob": "1998-01-15",
      "gender": null,
      "weight": null,
      "age": 1,
      "raised_weight": "0.0",
      "wilkes": "0.00",
      "country": "default2",
      "region": "default2",
      "town": "default2",
      "team": null,
      "trainer": "default2",
      "tournament": 1,
      "division": 1,
      "discipline": 1,
      "status": null,
      "is_active": false,
      "created": "2019-09-03",
      "updated": "2019-09-03"
   }
},
{
   "model": "sportsman.sportsman",
   "pk": 10,
   "fields": {
      "first_name": "3423453",
      "last_name": "default2",
      "middle_name": "default2",
      "email": "aspirpd@gmail.com",
      "phone": "2211",
      "dob": "1998-01-15",
      "gender": null,
      "weight": null,
      "age": 1,
      "raised_weight": "0.0",
      "wilkes": "0.00",
      "country": "default2",
      "region": "default2",
      "town": "default2",
      "team": null,
      "trainer": "default2",
      "tournament": 1,
      "division": 1,
      "discipline": 1,
      "status": null,
      "is_active": false,
      "created": "2019-09-03",
      "updated": "2019-09-03"
   }
},
{
   "model": "sportsman.sportsman",
   "pk": 11,
   "fields": {
      "first_name": "3423453",
      "last_name": "Testovaya",
      "middle_name": "Testovaya",
      "email": "aspirpd@gmail.com",
      "phone": "895087908181",
      "dob": "1990-06-25",
      "gender": null,
      "weight": null,
      "age": 1,
      "raised_weight": "0.0",
      "wilkes": "0.00",
      "country": "Testovaya",
      "region": "Testovaya",
      "town": "Testovaya",
      "team": null,
      "trainer": "Testovaya",
      "tournament": 1,
      "division": 1,
      "discipline": 1,
      "status": null,
      "is_active": false,
      "created": "2019-09-03",
      "updated": "2019-09-03"
   }
},
{
   "model": "sportsman.sportsman",
   "pk": 12,
   "fields": {
      "first_name": "3423453",
      "last_name": "Testovaya",
      "middle_name": "Testovaya",
      "email": "aspirpd@gmail.com",
      "phone": "895087908181",
      "dob": "1990-06-25",
      "gender": 1,
      "weight": null,
      "age": 1,
      "raised_weight": "0.0",
      "wilkes": "0.00",
      "country": "Testovaya",
      "region": "Testovaya",
      "town": "Testovaya",
      "team": null,
      "trainer": "Testovaya",
      "tournament": 1,
      "division": 1,
      "discipline": 1,
      "status": null,
      "is_active": false,
      "created": "2019-09-03",
      "updated": "2019-09-03"
   }
},
{
   "model": "sportsman.sportsman",
   "pk": 13,
   "fields": {
      "first_name": "3423453",
      "last_name": "Testovaya",
      "middle_name": "Testovaya",
      "email": "aspirpd@gmail.com",
      "phone": "895087908181",
      "dob": "1990-06-25",
      "gender": 1,
      "weight": null,
      "age": 1,
      "raised_weight": "0.0",
      "wilkes": "0.00",
      "country": "Testovaya",
      "region": "Testovaya",
      "town": "Testovaya",
      "team": null,
      "trainer": "Testovaya",
      "tournament": 1,
      "division": 1,
      "discipline": 1,
      "status": null,
      "is_active": false,
      "created": "2019-09-03",
      "updated": "2019-09-03"
   }
},
{
   "model": "sportsman.sportsman",
   "pk": 14,
   "fields": {
      "first_name": "3423453",
      "last_name": "Testovaya",
      "middle_name": "Testovaya",
      "email": "aspirpd@gmail.com",
      "phone": "895087908181",
      "dob": "1990-06-25",
      "gender": 1,
      "weight": null,
      "age": 1,
      "raised_weight": "0.0",
      "wilkes": "0.00",
      "country": "Testovaya",
      "region": "Testovaya",
      "town": "Testovaya",
      "team": null,
      "trainer": "Testovaya",
      "tournament": 1,
      "division": 1,
      "discipline": 1,
      "status": null,
      "is_active": false,
      "created": "2019-09-03",
      "updated": "2019-09-03"
   }
},
{
   "model": "sportsman.sportsman",
   "pk": 15,
   "fields": {
      "first_name": "3423453",
      "last_name": "value",
      "middle_name": "value",
      "email": "aspirpd@gmail.com",
      "phone": "89508790881",
      "dob": "1111-11-11",
      "gender": 1,
      "weight": null,
      "age": 1,
      "raised_weight": "0.0",
      "wilkes": "0.00",
      "country": "value",
      "region": "value",
      "town": "value",
      "team": null,
      "trainer": "value",
      "tournament": 1,
      "division": 1,
      "discipline": 1,
      "status": null,
      "is_active": false,
      "created": "2019-09-03",
      "updated": "2019-09-03"
   }
},
{
   "model": "sportsman.sportsman",
   "pk": 16,
   "fields": {
      "first_name": "3423453",
      "last_name": "gender",
      "middle_name": "gender",
      "email": "aspirpd@gmail.com",
      "phone": "89508790881",
      "dob": "2001-01-01",
      "gender": 1,
      "weight": null,
      "age": 1,
      "raised_weight": "0.0",
      "wilkes": "0.00",
      "country": "gender",
      "region": "gender",
      "town": "gender",
      "team": null,
      "trainer": "gender",
      "tournament": 1,
      "division": 1,
      "discipline": 1,
      "status": null,
      "is_active": false,
      "created": "2019-09-03",
      "updated": "2019-09-03"
   }
},
{
   "model": "sportsman.sportsman",
   "pk": 17,
   "fields": {
      "first_name": "3423453",
      "last_name": "data1",
      "middle_name": "data1",
      "email": "aspirpd@gmail.com",
      "phone": "2132",
      "dob": "1999-10-10",
      "gender": 2,
      "weight": null,
      "age": 1,
      "raised_weight": "0.0",
      "wilkes": "0.00",
      "country": "data1",
      "region": "data1",
      "town": "data1",
      "team": null,
      "trainer": "data1",
      "tournament": 1,
      "division": 1,
      "discipline": 1,
      "status": null,
      "is_active": false,
      "created": "2019-09-03",
      "updated": "2019-09-03"
   }
},
{
   "model": "sportsman.sportsman",
   "pk": 18,
   "fields": {
      "first_name": "3423453",
      "last_name": "sportsman",
      "middle_name": "sportsman",
      "email": "aspirpd@gmail.com",
      "phone": "00000",
      "dob": "2000-11-22",
      "gender": 1,
      "weight": null,
      "age": 1,
      "raised_weight": "0.0",
      "wilkes": "0.00",
      "country": "sportsman",
      "region": "sportsman",
      "town": "sportsman",
      "team": null,
      "trainer": "sportsman",
      "tournament": 1,
      "division": 1,
      "discipline": 1,
      "status": null,
      "is_active": false,
      "created": "2019-09-04",
      "updated": "2019-09-04"
   }
},
{
   "model": "sportsman.sportsman",
   "pk": 19,
   "fields": {
      "first_name": "3423453",
      "last_name": "sportsman",
      "middle_name": "sportsman",
      "email": "aspirpd@gmail.com",
      "phone": "233",
      "dob": "2000-10-09",
      "gender": 1,
      "weight": null,
      "age": 1,
      "raised_weight": "0.0",
      "wilkes": "0.00",
      "country": "sportsman",
      "region": "sportsman",
      "town": "sportsman",
      "team": null,
      "trainer": "sportsman",
      "tournament": 1,
      "division": 1,
      "discipline": 1,
      "status": null,
      "is_active": false,
      "created": "2019-09-05",
      "updated": "2019-09-05"
   }
},
{
   "model": "sportsman.sportsman",
   "pk": 20,
   "fields": {
      "first_name": "3423453",
      "last_name": "sportsman",
      "middle_name": "sportsman",
      "email": "aspirpd@gmail.com",
      "phone": "233",
      "dob": "2000-10-09",
      "gender": 1,
      "weight": null,
      "age": 1,
      "raised_weight": "0.0",
      "wilkes": "0.00",
      "country": "sportsman",
      "region": "sportsman",
      "town": "sportsman",
      "team": null,
      "trainer": "sportsman",
      "tournament": 1,
      "division": 1,
      "discipline": 1,
      "status": null,
      "is_active": false,
      "created": "2019-09-05",
      "updated": "2019-09-05"
   }
},
{
   "model": "sportsman.sportsman",
   "pk": 21,
   "fields": {
      "first_name": "3423453",
      "last_name": "sportsman",
      "middle_name": "sportsman",
      "email": "aspirpd@gmail.com",
      "phone": "233",
      "dob": "2000-10-09",
      "gender": 1,
      "weight": null,
      "age": 1,
      "raised_weight": "0.0",
      "wilkes": "0.00",
      "country": "sportsman",
      "region": "sportsman",
      "town": "sportsman",
      "team": null,
      "trainer": "sportsman",
      "tournament": 1,
      "division": 1,
      "discipline": 1,
      "status": null,
      "is_active": false,
      "created": "2019-09-05",
      "updated": "2019-09-05"
   }
},
{
   "model": "sportsman.sportsman",
   "pk": 22,
   "fields": {
      "first_name": "3423453",
      "last_name": "sportsman",
      "middle_name": "sportsman",
      "email": "aspirpd@gmail.com",
      "phone": "233",
      "dob": "2000-10-09",
      "gender": 1,
      "weight": null,
      "age": 1,
      "raised_weight": "0.0",
      "wilkes": "0.00",
      "country": "sportsman",
      "region": "sportsman",
      "town": "sportsman",
      "team": null,
      "trainer": "sportsman",
      "tournament": 1,
      "division": 1,
      "discipline": 1,
      "status": null,
      "is_active": false,
      "created": "2019-09-05",
      "updated": "2019-09-05"
   }
},
{
   "model": "sportsman.sportsman",
   "pk": 23,
   "fields": {
      "first_name": "3423453",
      "last_name": "sportsman",
      "middle_name": "sportsman",
      "email": "aspirpd@gmail.com",
      "phone": "233",
      "dob": "2000-10-09",
      "gender": 1,
      "weight": null,
      "age": 1,
      "raised_weight": "0.0",
      "wilkes": "0.00",
      "country": "sportsman",
      "region": "sportsman",
      "town": "sportsman",
      "team": null,
      "trainer": "sportsman",
      "tournament": 1,
      "division": 1,
      "discipline": 1,
      "status": null,
      "is_active": false,
      "created": "2019-09-05",
      "updated": "2019-09-05"
   }
},
{
   "model": "sportsman.sportsman",
   "pk": 24,
   "fields": {
      "first_name": "3423453",
      "last_name": "sportsman",
      "middle_name": "sportsman",
      "email": "aspirpd@gmail.com",
      "phone": "233",
      "dob": "2000-10-09",
      "gender": 1,
      "weight": null,
      "age": 1,
      "raised_weight": "0.0",
      "wilkes": "0.00",
      "country": "sportsman",
      "region": "sportsman",
      "town": "sportsman",
      "team": null,
      "trainer": "sportsman",
      "tournament": 1,
      "division": 1,
      "discipline": 1,
      "status": null,
      "is_active": false,
      "created": "2019-09-05",
      "updated": "2019-09-05"
   }
},
{
   "model": "sportsman.sportsman",
   "pk": 25,
   "fields": {
      "first_name": "3423453",
      "last_name": "sportsman",
      "middle_name": "sportsman",
      "email": "aspirpd@gmail.com",
      "phone": "233",
      "dob": "2000-10-09",
      "gender": 1,
      "weight": null,
      "age": 1,
      "raised_weight": "0.0",
      "wilkes": "0.00",
      "country": "sportsman",
      "region": "sportsman",
      "town": "sportsman",
      "team": null,
      "trainer": "sportsman",
      "tournament": 1,
      "division": 1,
      "discipline": 1,
      "status": null,
      "is_active": false,
      "created": "2019-09-05",
      "updated": "2019-09-05"
   }
},
{
   "model": "sportsman.sportsman",
   "pk": 26,
   "fields": {
      "first_name": "3423453",
      "last_name": "ds",
      "middle_name": "ds",
      "email": "aspirpd@gmail.com",
      "phone": "2222",
      "dob": "2004-02-22",
      "gender": 1,
      "weight": null,
      "age": 1,
      "raised_weight": "0.0",
      "wilkes": "0.00",
      "country": "ds",
      "region": "ds",
      "town": "ds",
      "team": null,
      "trainer": "ds",
      "tournament": 1,
      "division": 1,
      "discipline": 1,
      "status": null,
      "is_active": false,
      "created": "2019-09-05",
      "updated": "2019-09-05"
   }
},
{
   "model": "sportsman.sportsman",
   "pk": 27,
   "fields": {
      "first_name": "3423453",
      "last_name": null,
      "middle_name": null,
      "email": "aspirpd@gmail.com",
      "phone": null,
      "dob": null,
      "gender": null,
      "weight": null,
      "age": 1,
      "raised_weight": "0.0",
      "wilkes": "0.00",
      "country": "\u0420\u043e\u0441\u0441\u0438\u044f",
      "region": null,
      "town": null,
      "team": null,
      "trainer": null,
      "tournament": 1,
      "division": 1,
      "discipline": 1,
      "status": null,
      "is_active": false,
      "created": "2019-09-05",
      "updated": "2019-09-05"
   }
},
{
   "model": "sportsman.sportsman",
   "pk": 28,
   "fields": {
      "first_name": "3423453",
      "last_name": null,
      "middle_name": null,
      "email": "aspirpd@gmail.com",
      "phone": null,
      "dob": null,
      "gender": null,
      "weight": null,
      "age": 1,
      "raised_weight": "0.0",
      "wilkes": "0.00",
      "country": "\u0420\u043e\u0441\u0441\u0438\u044f",
      "region": null,
      "town": null,
      "team": null,
      "trainer": null,
      "tournament": 1,
      "division": 1,
      "discipline": 1,
      "status": null,
      "is_active": false,
      "created": "2019-09-09",
      "updated": "2019-09-09"
   }
},
{
   "model": "sportsman.sportsman",
   "pk": 29,
   "fields": {
      "first_name": "3423453",
      "last_name": "test",
      "middle_name": "test",
      "email": "aspirpd@gmail.com",
      "phone": "231",
      "dob": "2000-12-20",
      "gender": 1,
      "weight": null,
      "age": 1,
      "raised_weight": "0.0",
      "wilkes": "0.00",
      "country": "test",
      "region": "test",
      "town": "test",
      "team": null,
      "trainer": "test",
      "tournament": 1,
      "division": 1,
      "discipline": 1,
      "status": null,
      "is_active": false,
      "created": "2019-09-09",
      "updated": "2019-09-09"
   }
},
{
   "model": "sportsman.sportsman",
   "pk": 30,
   "fields": {
      "first_name": "3423453",
      "last_name": "test",
      "middle_name": "test",
      "email": "aspirpd@gmail.com",
      "phone": "231",
      "dob": "2000-12-20",
      "gender": 1,
      "weight": null,
      "age": 1,
      "raised_weight": "0.0",
      "wilkes": "0.00",
      "country": "test",
      "region": "test",
      "town": "test",
      "team": null,
      "trainer": "test",
      "tournament": 1,
      "division": 1,
      "discipline": 1,
      "status": null,
      "is_active": false,
      "created": "2019-09-09",
      "updated": "2019-09-09"
   }
},
{
   "model": "sportsman.sportsman",
   "pk": 31,
   "fields": {
      "first_name": "3423453",
      "last_name": "test",
      "middle_name": "test",
      "email": "aspirpd@gmail.com",
      "phone": "231",
      "dob": "2000-12-20",
      "gender": 1,
      "weight": null,
      "age": 1,
      "raised_weight": "0.0",
      "wilkes": "0.00",
      "country": "test",
      "region": "test",
      "town": "test",
      "team": null,
      "trainer": "test",
      "tournament": 1,
      "division": 1,
      "discipline": 1,
      "status": null,
      "is_active": false,
      "created": "2019-09-09",
      "updated": "2019-09-09"
   }
},
{
   "model": "sportsman.sportsman",
   "pk": 32,
   "fields": {
      "first_name": "3423453",
      "last_name": "test3",
      "middle_name": "test3",
      "email": "aspirpd@gmail.com",
      "phone": "55",
      "dob": "2000-11-10",
      "gender": 1,
      "weight": null,
      "age": 1,
      "raised_weight": "0.0",
      "wilkes": "0.00",
      "country": "test3",
      "region": "test3",
      "town": "test3",
      "team": null,
      "trainer": null,
      "tournament": 1,
      "division": 1,
      "discipline": 1,
      "status": null,
      "is_active": false,
      "created": "2019-09-09",
      "updated": "2019-09-09"
   }
},
{
   "model": "sportsman.sportsman",
   "pk": 33,
   "fields": {
      "first_name": "3423453",
      "last_name": "test3",
      "middle_name": "test3",
      "email": "aspirpd@gmail.com",
      "phone": "777",
      "dob": "2000-11-11",
      "gender": 1,
      "weight": null,
      "age": 1,
      "raised_weight": "0.0",
      "wilkes": "0.00",
      "country": "test3",
      "region": "test3",
      "town": "test3",
      "team": null,
      "trainer": null,
      "tournament": 1,
      "division": 1,
      "discipline": 1,
      "status": null,
      "is_active": false,
      "created": "2019-09-09",
      "updated": "2019-09-09"
   }
},
{
   "model": "sportsman.sportsman",
   "pk": 34,
   "fields": {
      "first_name": "3423453",
      "last_name": null,
      "middle_name": null,
      "email": "aspirpd@gmail.com",
      "phone": null,
      "dob": null,
      "gender": null,
      "weight": null,
      "age": null,
      "raised_weight": "0.0",
      "wilkes": "0.00",
      "country": "\u0420\u043e\u0441\u0441\u0438\u044f",
      "region": null,
      "town": null,
      "team": null,
      "trainer": null,
      "tournament": null,
      "division": null,
      "discipline": null,
      "status": null,
      "is_active": false,
      "created": "2019-09-09",
      "updated": "2019-09-09"
   }
},
{
   "model": "sportsman.sportsman",
   "pk": 35,
   "fields": {
      "first_name": "3423453",
      "last_name": "test",
      "middle_name": "test",
      "email": "aspirpd@gmail.com",
      "phone": "000",
      "dob": "2000-11-11",
      "gender": 1,
      "weight": null,
      "age": 1,
      "raised_weight": "0.0",
      "wilkes": "0.00",
      "country": "test",
      "region": "test",
      "town": "test",
      "team": null,
      "trainer": null,
      "tournament": 1,
      "division": 1,
      "discipline": 1,
      "status": null,
      "is_active": false,
      "created": "2019-09-09",
      "updated": "2019-09-09"
   }
},
{
   "model": "sportsman.sportsman",
   "pk": 36,
   "fields": {
      "first_name": "3423453",
      "last_name": "test",
      "middle_name": "test",
      "email": "aspirpd@gmail.com",
      "phone": "000",
      "dob": "2000-11-11",
      "gender": 1,
      "weight": null,
      "age": 1,
      "raised_weight": "0.0",
      "wilkes": "0.00",
      "country": "test",
      "region": "test",
      "town": "test",
      "team": null,
      "trainer": null,
      "tournament": 1,
      "division": 1,
      "discipline": 1,
      "status": null,
      "is_active": false,
      "created": "2019-09-09",
      "updated": "2019-09-09"
   }
},
{
   "model": "sportsman.sportsman",
   "pk": 37,
   "fields": {
      "first_name": "3423453",
      "last_name": null,
      "middle_name": null,
      "email": "aspirpd@gmail.com",
      "phone": null,
      "dob": null,
      "gender": null,
      "weight": null,
      "age": null,
      "raised_weight": "0.0",
      "wilkes": "0.00",
      "country": "\u0420\u043e\u0441\u0441\u0438\u044f",
      "region": null,
      "town": null,
      "team": null,
      "trainer": null,
      "tournament": null,
      "division": null,
      "discipline": null,
      "status": 1,
      "is_active": false,
      "created": "2019-09-09",
      "updated": "2019-09-09"
   }
},
{
   "model": "sportsman.sportsman",
   "pk": 38,
   "fields": {
      "first_name": "3423453",
      "last_name": "ttt",
      "middle_name": "ttt",
      "email": "aspirpd@gmail.com",
      "phone": "323",
      "dob": "2000-11-11",
      "gender": 1,
      "weight": null,
      "age": 1,
      "raised_weight": "0.0",
      "wilkes": "0.00",
      "country": "ttt",
      "region": "ttt",
      "town": "ttt",
      "team": null,
      "trainer": null,
      "tournament": 1,
      "division": 1,
      "discipline": 1,
      "status": null,
      "is_active": false,
      "created": "2019-09-09",
      "updated": "2019-09-09"
   }
},
{
   "model": "sportsman.sportsman",
   "pk": 39,
   "fields": {
      "first_name": "3423453",
      "last_name": "ttt",
      "middle_name": "ttt",
      "email": "aspirpd@gmail.com",
      "phone": "000",
      "dob": "2000-11-11",
      "gender": 1,
      "weight": null,
      "age": 1,
      "raised_weight": "0.0",
      "wilkes": "0.00",
      "country": "ttt",
      "region": "ttt",
      "town": "ttt",
      "team": null,
      "trainer": null,
      "tournament": 1,
      "division": 1,
      "discipline": 1,
      "status": null,
      "is_active": false,
      "created": "2019-09-09",
      "updated": "2019-09-09"
   }
},
{
   "model": "sportsman.sportsman",
   "pk": 40,
   "fields": {
      "first_name": "3423453",
      "last_name": "ttt",
      "middle_name": "ttt",
      "email": "aspirpd@gmail.com",
      "phone": "000",
      "dob": "2000-11-11",
      "gender": 1,
      "weight": null,
      "age": 1,
      "raised_weight": "0.0",
      "wilkes": "0.00",
      "country": "ttt",
      "region": "ttt",
      "town": "ttt",
      "team": null,
      "trainer": null,
      "tournament": 1,
      "division": 1,
      "discipline": 1,
      "status": null,
      "is_active": false,
      "created": "2019-09-09",
      "updated": "2019-09-09"
   }
},
{
   "model": "sportsman.sportsman",
   "pk": 41,
   "fields": {
      "first_name": "3423453",
      "last_name": "ttt",
      "middle_name": "ttt",
      "email": "aspirpd@gmail.com",
      "phone": "111",
      "dob": "2000-02-11",
      "gender": 1,
      "weight": null,
      "age": 1,
      "raised_weight": "0.0",
      "wilkes": "0.00",
      "country": "ttt",
      "region": "ttt",
      "town": "ttt",
      "team": null,
      "trainer": null,
      "tournament": 1,
      "division": 1,
      "discipline": 1,
      "status": null,
      "is_active": false,
      "created": "2019-09-09",
      "updated": "2019-09-09"
   }
},
{
   "model": "sportsman.sportsman",
   "pk": 42,
   "fields": {
      "first_name": "3423453",
      "last_name": "ttt",
      "middle_name": "ttt",
      "email": "aspirpd@gmail.com",
      "phone": "ttt",
      "dob": "1211-11-11",
      "gender": 1,
      "weight": null,
      "age": 1,
      "raised_weight": "0.0",
      "wilkes": "0.00",
      "country": "ttt",
      "region": "ttt",
      "town": "ttt",
      "team": null,
      "trainer": null,
      "tournament": 1,
      "division": 1,
      "discipline": 1,
      "status": null,
      "is_active": false,
      "created": "2019-09-09",
      "updated": "2019-09-09"
   }
},
{
   "model": "sportsman.sportsman",
   "pk": 43,
   "fields": {
      "first_name": "3423453",
      "last_name": "Testovoe",
      "middle_name": "Testovoe",
      "email": "aspirpd@gmail.com",
      "phone": "555000",
      "dob": "1111-11-11",
      "gender": 1,
      "weight": null,
      "age": 1,
      "raised_weight": "0.0",
      "wilkes": "0.00",
      "country": "Testovoe",
      "region": "Testovoe",
      "town": "Testovoe",
      "team": null,
      "trainer": null,
      "tournament": 1,
      "division": 1,
      "discipline": 1,
      "status": null,
      "is_active": false,
      "created": "2019-09-13",
      "updated": "2019-09-13"
   }
},
{
   "model": "sportsman.sportsman",
   "pk": 44,
   "fields": {
      "first_name": "3423453",
      "last_name": "test_name",
      "middle_name": null,
      "email": "aspirpd@gmail.com",
      "phone": null,
      "dob": null,
      "gender": 1,
      "weight": null,
      "age": 1,
      "raised_weight": "0.0",
      "wilkes": "0.00",
      "country": "\u0420\u043e\u0441\u0441\u0438\u044f",
      "region": null,
      "town": null,
      "team": null,
      "trainer": null,
      "tournament": 1,
      "division": 1,
      "discipline": 1,
      "status": null,
      "is_active": false,
      "created": "2019-09-15",
      "updated": "2019-09-15"
   }
},
{
   "model": "sportsman.sportsman",
   "pk": 45,
   "fields": {
      "first_name": "3423453",
      "last_name": "\u0413\u0430\u0440\u0435\u0446",
      "middle_name": null,
      "email": "aspirpd@gmail.com",
      "phone": null,
      "dob": null,
      "gender": 2,
      "weight": null,
      "age": 1,
      "raised_weight": "0.0",
      "wilkes": "0.00",
      "country": "\u0420\u043e\u0441\u0441\u0438\u044f",
      "region": null,
      "town": null,
      "team": null,
      "trainer": null,
      "tournament": 3,
      "division": 1,
      "discipline": 1,
      "status": null,
      "is_active": false,
      "created": "2019-09-15",
      "updated": "2019-09-15"
   }
},
{
   "model": "sportsman.sportsman",
   "pk": 46,
   "fields": {
      "first_name": "3423453",
      "last_name": "ss",
      "middle_name": null,
      "email": "aspirpd@gmail.com",
      "phone": null,
      "dob": null,
      "gender": 2,
      "weight": null,
      "age": 1,
      "raised_weight": "0.0",
      "wilkes": "0.00",
      "country": "\u0420\u043e\u0441\u0441\u0438\u044f",
      "region": null,
      "town": null,
      "team": null,
      "trainer": null,
      "tournament": 3,
      "division": 1,
      "discipline": 1,
      "status": null,
      "is_active": false,
      "created": "2019-09-15",
      "updated": "2019-09-15"
   }
},
{
   "model": "sportsman.sportsman",
   "pk": 47,
   "fields": {
      "first_name": "3423453",
      "last_name": "\u0413\u0430\u0440\u0435\u0446",
      "middle_name": "\u0414\u043c\u0438\u0442\u0440\u0438\u0435\u0432\u0438\u0447",
      "email": "aspirpd@gmail.com",
      "phone": "89508790881",
      "dob": "1990-06-25",
      "gender": 1,
      "weight": 1,
      "age": 1,
      "raised_weight": "0.0",
      "wilkes": "0.00",
      "country": "\u0420\u043e\u0441\u0441\u0438\u044f",
      "region": "\u041a\u0443\u0440\u0441\u043a\u0430\u044f \u043e\u0431\u043b\u0430\u0441\u0442\u044c",
      "town": "\u041a\u0443\u0440\u0441\u043a",
      "team": 1,
      "trainer": "\u041a\u043e\u043d\u0441\u0442\u0430\u043d\u0442\u0438\u043d\u043e\u0432",
      "tournament": 3,
      "division": 2,
      "discipline": 1,
      "status": 1,
      "is_active": true,
      "created": "2019-09-16",
      "updated": "2019-09-16"
   }
},
{
   "model": "sportsman.sportsman",
   "pk": 48,
   "fields": {
      "first_name": "3423453",
      "last_name": "\u0413\u0430\u0440\u0435\u0446",
      "middle_name": "\u0414\u043c\u0438\u0442\u0440\u0438\u0435\u0432\u0438\u0447",
      "email": "aspirpd@gmail.com",
      "phone": "89508790881",
      "dob": "1990-06-25",
      "gender": 1,
      "weight": 1,
      "age": 1,
      "raised_weight": "0.0",
      "wilkes": "0.00",
      "country": "\u0420\u043e\u0441\u0441\u0438\u044f",
      "region": "\u041a\u0443\u0440\u0441\u043a\u0430\u044f \u043e\u0431\u043b\u0430\u0441\u0442\u044c",
      "town": "\u041a\u0443\u0440\u0441\u043a",
      "team": 1,
      "trainer": "\u041a\u043e\u043d\u0441\u0442\u0430\u043d\u0442\u0438\u043d\u043e\u0432",
      "tournament": 3,
      "division": 1,
      "discipline": 1,
      "status": null,
      "is_active": false,
      "created": "2019-09-16",
      "updated": "2019-09-16"
   }
},
{
   "model": "sportsman.sportsman",
   "pk": 49,
   "fields": {
      "first_name": "3423453",
      "last_name": "Autoprefixer",
      "middle_name": "Autoprefixer",
      "email": "aspirpd@gmail.com",
      "phone": "222",
      "dob": "1990-06-25",
      "gender": 3,
      "weight": null,
      "age": 1,
      "raised_weight": "0.0",
      "wilkes": "0.00",
      "country": "Autoprefixer",
      "region": "Autoprefixer",
      "town": "Autoprefixer",
      "team": null,
      "trainer": "Autoprefixer",
      "tournament": null,
      "division": null,
      "discipline": null,
      "status": null,
      "is_active": false,
      "created": "2019-09-17",
      "updated": "2019-09-17"
   }
},
{
   "model": "sportsman.sportsman",
   "pk": 50,
   "fields": {
      "first_name": "3423453",
      "last_name": "rrrrr",
      "middle_name": "rrrrr",
      "email": "aspirpd@gmail.com",
      "phone": "22",
      "dob": "1990-06-25",
      "gender": 3,
      "weight": null,
      "age": 1,
      "raised_weight": "0.0",
      "wilkes": "0.00",
      "country": "rrrrr",
      "region": "rrrrr",
      "town": "rrrrr",
      "team": null,
      "trainer": "rrrrr",
      "tournament": 1,
      "division": 1,
      "discipline": 1,
      "status": null,
      "is_active": false,
      "created": "2019-09-17",
      "updated": "2019-09-17"
   }
},
{
   "model": "sportsman.sportsman",
   "pk": 51,
   "fields": {
      "first_name": "3423453",
      "last_name": "Test123",
      "middle_name": "Test123",
      "email": "aspirpd@gmail.com",
      "phone": "213",
      "dob": "1900-06-25",
      "gender": 3,
      "weight": null,
      "age": 1,
      "raised_weight": "0.0",
      "wilkes": "0.00",
      "country": "Test123",
      "region": "Test123",
      "town": "Test123",
      "team": null,
      "trainer": "Test123",
      "tournament": 1,
      "division": 1,
      "discipline": 1,
      "status": null,
      "is_active": false,
      "created": "2019-09-22",
      "updated": "2019-09-22"
   }
},
{
   "model": "sportsman.sportsman",
   "pk": 52,
   "fields": {
      "first_name": "3423453",
      "last_name": "Test123",
      "middle_name": "Test123",
      "email": "aspirpd@gmail.com",
      "phone": "213",
      "dob": "1900-06-25",
      "gender": 3,
      "weight": null,
      "age": 1,
      "raised_weight": "0.0",
      "wilkes": "0.00",
      "country": "Test123",
      "region": "Test123",
      "town": "Test123",
      "team": null,
      "trainer": "Test123",
      "tournament": 1,
      "division": 1,
      "discipline": 1,
      "status": null,
      "is_active": false,
      "created": "2019-09-22",
      "updated": "2019-09-22"
   }
},
{
   "model": "sportsman.sportsman",
   "pk": 53,
   "fields": {
      "first_name": "3423453",
      "last_name": "mmm",
      "middle_name": "mmm",
      "email": "aspirpd@gmail.com",
      "phone": "23",
      "dob": "1000-06-25",
      "gender": 3,
      "weight": null,
      "age": 1,
      "raised_weight": "0.0",
      "wilkes": "0.00",
      "country": "mmm",
      "region": "mmm",
      "town": "mmm",
      "team": null,
      "trainer": "mmm",
      "tournament": 1,
      "division": 1,
      "discipline": 1,
      "status": null,
      "is_active": false,
      "created": "2019-09-22",
      "updated": "2019-09-22"
   }
},
{
   "model": "sportsman.sportsman",
   "pk": 54,
   "fields": {
      "first_name": "3423453",
      "last_name": "mmm",
      "middle_name": "mmm",
      "email": "aspirpd@gmail.com",
      "phone": "mmm",
      "dob": "2000-02-22",
      "gender": 2,
      "weight": null,
      "age": 1,
      "raised_weight": "0.0",
      "wilkes": "0.00",
      "country": "mmm",
      "region": "mmm",
      "town": "mmm",
      "team": null,
      "trainer": "mmm",
      "tournament": 1,
      "division": 1,
      "discipline": 1,
      "status": null,
      "is_active": false,
      "created": "2019-09-22",
      "updated": "2019-09-22"
   }
},
{
   "model": "sportsman.sportsman",
   "pk": 55,
   "fields": {
      "first_name": "3423453",
      "last_name": "mmm",
      "middle_name": "mmm",
      "email": "aspirpd@gmail.com",
      "phone": "312312",
      "dob": "2000-02-22",
      "gender": 2,
      "weight": null,
      "age": 1,
      "raised_weight": "0.0",
      "wilkes": "0.00",
      "country": "mmm",
      "region": "mmm",
      "town": "mmm",
      "team": null,
      "trainer": "mmm",
      "tournament": 1,
      "division": 1,
      "discipline": 1,
      "status": null,
      "is_active": false,
      "created": "2019-09-22",
      "updated": "2019-09-22"
   }
},
{
   "model": "sportsman.sportsman",
   "pk": 56,
   "fields": {
      "first_name": "3423453",
      "last_name": "\u0418\u0434\u0438\u043e\u0442",
      "middle_name": "\u0422\u0443\u043f\u043e\u0440\u044b\u043b\u044b\u0439",
      "email": "aspirpd@gmail.com",
      "phone": "111",
      "dob": "1990-06-22",
      "gender": 3,
      "weight": null,
      "age": 1,
      "raised_weight": "0.0",
      "wilkes": "0.00",
      "country": "porn",
      "region": "porn",
      "town": "porn",
      "team": null,
      "trainer": "porn",
      "tournament": 1,
      "division": 1,
      "discipline": 1,
      "status": null,
      "is_active": false,
      "created": "2019-09-22",
      "updated": "2019-09-22"
   }
},
{
   "model": "sportsman.sportsman",
   "pk": 57,
   "fields": {
      "first_name": "3423453",
      "last_name": "\u0413\u0430\u0440\u0435\u0446",
      "middle_name": "\u0414\u043c\u0438\u0442\u0440\u0438\u0435\u0432\u0438\u0447",
      "email": "aspirpd@gmail.com",
      "phone": "89508790881",
      "dob": "1990-06-25",
      "gender": 1,
      "weight": 1,
      "age": 1,
      "raised_weight": "0.0",
      "wilkes": "0.00",
      "country": "\u0420\u043e\u0441\u0441\u0438\u044f",
      "region": "\u041a\u0443\u0440\u0441\u043a\u0430\u044f",
      "town": "\u041a\u0443\u0440\u0441\u043a",
      "team": 1,
      "trainer": "\u0420\u043e\u043c\u0430\u043d \u041a\u043e\u043d\u0441\u0442\u0430\u043d\u0442\u0438\u043d\u043e\u0432",
      "tournament": 3,
      "division": 1,
      "discipline": 1,
      "status": null,
      "is_active": false,
      "created": "2019-09-22",
      "updated": "2019-09-22"
   }
},
{
   "model": "sportsman.sportsman",
   "pk": 58,
   "fields": {
      "first_name": "3423453",
      "last_name": "Test",
      "middle_name": "Test",
      "email": "aspirpd@gmail.com",
      "phone": "2",
      "dob": "2000-02-22",
      "gender": 3,
      "weight": 1,
      "age": 1,
      "raised_weight": "0.0",
      "wilkes": "0.00",
      "country": "Test",
      "region": "Test",
      "town": "Test",
      "team": 1,
      "trainer": "",
      "tournament": 3,
      "division": 2,
      "discipline": 1,
      "status": null,
      "is_active": false,
      "created": "2019-09-22",
      "updated": "2019-09-22"
   }
},
{
   "model": "sportsman.sportsman",
   "pk": 59,
   "fields": {
      "first_name": "3423453",
      "last_name": "Final",
      "middle_name": "Final",
      "email": "aspirpd@gmail.com",
      "phone": "412",
      "dob": "2000-11-25",
      "gender": 2,
      "weight": 1,
      "age": 1,
      "raised_weight": "0.0",
      "wilkes": "0.00",
      "country": "Final",
      "region": "Final",
      "town": "Final",
      "team": 1,
      "trainer": "Final",
      "tournament": 3,
      "division": 1,
      "discipline": 1,
      "status": null,
      "is_active": false,
      "created": "2019-09-22",
      "updated": "2019-09-22"
   }
},
{
   "model": "sportsman.sportsman",
   "pk": 60,
   "fields": {
      "first_name": "3423453",
      "last_name": "Foxy",
      "middle_name": "Foxy",
      "email": "aspirpd@gmail.com",
      "phone": "89508790881",
      "dob": "1900-06-25",
      "gender": 3,
      "weight": 1,
      "age": 1,
      "raised_weight": "0.0",
      "wilkes": "0.00",
      "country": "Foxy",
      "region": "Foxy",
      "town": "Foxy",
      "team": 1,
      "trainer": "Foxy",
      "tournament": 3,
      "division": 2,
      "discipline": 1,
      "status": null,
      "is_active": false,
      "created": "2019-09-22",
      "updated": "2019-09-22"
   }
},
{
   "model": "sportsman.sportsman",
   "pk": 61,
   "fields": {
      "first_name": "3423453",
      "last_name": "Foxy",
      "middle_name": "Foxy",
      "email": "aspirpd@gmail.com",
      "phone": "89508790881",
      "dob": "1900-06-25",
      "gender": 3,
      "weight": 1,
      "age": 1,
      "raised_weight": "0.0",
      "wilkes": "0.00",
      "country": "Foxy",
      "region": "Foxy",
      "town": "Foxy",
      "team": 1,
      "trainer": "Foxy",
      "tournament": 3,
      "division": 2,
      "discipline": 1,
      "status": null,
      "is_active": false,
      "created": "2019-09-22",
      "updated": "2019-09-22"
   }
},
{
   "model": "sportsman.sportsman",
   "pk": 62,
   "fields": {
      "first_name": "3423453",
      "last_name": "Foxy",
      "middle_name": "Foxy",
      "email": "aspirpd@gmail.com",
      "phone": "89508790881",
      "dob": "1900-06-25",
      "gender": 3,
      "weight": 1,
      "age": 1,
      "raised_weight": "0.0",
      "wilkes": "0.00",
      "country": "Foxy",
      "region": "Foxy",
      "town": "Foxy",
      "team": 1,
      "trainer": "Foxy",
      "tournament": 3,
      "division": 2,
      "discipline": 1,
      "status": null,
      "is_active": false,
      "created": "2019-09-22",
      "updated": "2019-09-22"
   }
},
{
   "model": "sportsman.sportsman",
   "pk": 63,
   "fields": {
      "first_name": "3423453",
      "last_name": "thanks",
      "middle_name": "thanks",
      "email": "aspirpd@gmail.com",
      "phone": "621",
      "dob": "1990-06-25",
      "gender": 3,
      "weight": 1,
      "age": 1,
      "raised_weight": "0.0",
      "wilkes": "0.00",
      "country": "thanks",
      "region": "thanks",
      "town": "thanks",
      "team": 1,
      "trainer": "thanks",
      "tournament": 3,
      "division": 2,
      "discipline": 1,
      "status": null,
      "is_active": false,
      "created": "2019-09-22",
      "updated": "2019-09-22"
   }
},
{
   "model": "sportsman.sportsman",
   "pk": 64,
   "fields": {
      "first_name": "3423453",
      "last_name": "Run",
      "middle_name": "Run",
      "email": "aspirpd@gmail.com",
      "phone": "39120",
      "dob": "1990-06-25",
      "gender": 2,
      "weight": 1,
      "age": 1,
      "raised_weight": "0.0",
      "wilkes": "0.00",
      "country": "Run",
      "region": "Run",
      "town": "Run",
      "team": 1,
      "trainer": "Run",
      "tournament": 3,
      "division": 2,
      "discipline": 1,
      "status": null,
      "is_active": false,
      "created": "2019-09-22",
      "updated": "2019-09-22"
   }
},
{
   "model": "sportsman.sportsman",
   "pk": 65,
   "fields": {
      "first_name": "3423453",
      "last_name": "\u0413\u0430\u0440\u0435\u0446",
      "middle_name": "\u0414\u043c\u0438\u0442\u0440\u0438\u0435\u0432\u0438\u0447",
      "email": "aspirpd@gmail.com",
      "phone": "+7-950-879-08-81",
      "dob": "1990-06-25",
      "gender": 1,
      "weight": 14,
      "age": 3,
      "raised_weight": "0.0",
      "wilkes": "0.00",
      "country": "\u0420\u043e\u0441\u0441\u0438\u044f",
      "region": "\u041a\u0443\u0440\u0441\u043a\u0430\u044f \u043e\u0431\u043b\u0430\u0441\u0442\u044c",
      "town": "\u041a\u0443\u0440\u0441\u043a",
      "team": 1,
      "trainer": "\u041a\u043e\u043d\u0441\u0442\u0430\u043d\u0442\u0438\u043d\u043e\u0432 \u0420\u043e\u043c\u0430\u043d",
      "tournament": 3,
      "division": 1,
      "discipline": 5,
      "status": null,
      "is_active": false,
      "created": "2019-09-22",
      "updated": "2019-09-22"
   }
},
{
   "model": "sportsman.sportsman",
   "pk": 66,
   "fields": {
      "first_name": "3423453",
      "last_name": "\u042d\u0445\u043e",
      "middle_name": "\u0414\u043c\u0438\u0442\u0440\u0438\u0435\u0432\u0438\u0447",
      "email": "aspirpd@gmail.com",
      "phone": "+7-950-879-08-81",
      "dob": "1990-06-25",
      "gender": 1,
      "weight": 14,
      "age": 3,
      "raised_weight": "0.0",
      "wilkes": "0.00",
      "country": "\u0420\u043e\u0441\u0441\u0438\u044f",
      "region": "\u041a\u0443\u0440\u0441\u043a\u0430\u044f",
      "town": "\u041a\u0443\u0440\u0441\u043a",
      "team": 1,
      "trainer": "\u041a\u043e\u043d\u0441\u0442\u0430\u043d\u0442\u0438\u043d\u043e\u0432 \u0420\u043e\u043c\u0430\u043d",
      "tournament": 3,
      "division": 1,
      "discipline": 6,
      "status": 1,
      "is_active": true,
      "created": "2019-09-22",
      "updated": "2019-09-22"
   }
},
{
   "model": "sportsman.sportsman",
   "pk": 67,
   "fields": {
      "first_name": "3423453",
      "last_name": "\u042d\u0445\u043e",
      "middle_name": "\u0414\u043c\u0438\u0442\u0440\u0438\u0435\u0432\u0438\u0447",
      "email": "aspirpd@gmail.com",
      "phone": "+7-950-879-08-81",
      "dob": "1990-06-25",
      "gender": 1,
      "weight": 14,
      "age": 3,
      "raised_weight": "0.0",
      "wilkes": "0.00",
      "country": "\u0420\u043e\u0441\u0441\u0438\u044f",
      "region": "\u041a\u0443\u0440\u0441\u043a\u0430\u044f",
      "town": "\u041a\u0443\u0440\u0441\u043a",
      "team": 1,
      "trainer": "\u041a\u043e\u043d\u0441\u0442\u0430\u043d\u0442\u0438\u043d\u043e\u0432 \u0420\u043e\u043c\u0430\u043d",
      "tournament": 3,
      "division": 2,
      "discipline": 1,
      "status": 4,
      "is_active": false,
      "created": "2019-09-23",
      "updated": "2019-09-23"
   }
},
{
   "model": "sportsman.sportsman",
   "pk": 68,
   "fields": {
      "first_name": "3423453",
      "last_name": "\u042d\u0445\u043e",
      "middle_name": "\u042d\u0445\u043e",
      "email": "aspirpd@gmail.com",
      "phone": "+7-950-879-08-81",
      "dob": "1990-06-25",
      "gender": 1,
      "weight": 14,
      "age": 3,
      "raised_weight": "0.0",
      "wilkes": "0.00",
      "country": "\u042d\u0445\u043e",
      "region": "\u042d\u0445\u043e",
      "town": "\u042d\u0445\u043e",
      "team": 1,
      "trainer": "\u042d\u0445\u043e",
      "tournament": 3,
      "division": 2,
      "discipline": 2,
      "status": null,
      "is_active": false,
      "created": "2019-09-23",
      "updated": "2019-09-23"
   }
},
{
   "model": "sportsman.sportsman",
   "pk": 69,
   "fields": {
      "first_name": "3423453",
      "last_name": "\u042d\u0445\u043e",
      "middle_name": "\u042d\u0445\u043e",
      "email": "aspirpd@gmail.com",
      "phone": "+7-950-879-08-81",
      "dob": "1990-06-26",
      "gender": 1,
      "weight": 1,
      "age": 1,
      "raised_weight": "0.0",
      "wilkes": "0.00",
      "country": "echo",
      "region": "echo",
      "town": "echo",
      "team": 1,
      "trainer": "echo",
      "tournament": 3,
      "division": 2,
      "discipline": 2,
      "status": null,
      "is_active": false,
      "created": "2019-09-23",
      "updated": "2019-09-23"
   }
},
{
   "model": "sportsman.sportsman",
   "pk": 70,
   "fields": {
      "first_name": "3423453",
      "last_name": "sportsman",
      "middle_name": "sportsman",
      "email": "aspirpd@gmail.com",
      "phone": "+7-950-879-08-81",
      "dob": "1900-06-25",
      "gender": 1,
      "weight": 3,
      "age": 2,
      "raised_weight": "0.0",
      "wilkes": "0.00",
      "country": "sportsman",
      "region": "sportsman",
      "town": "sportsman",
      "team": 1,
      "trainer": "sportsman",
      "tournament": 3,
      "division": 1,
      "discipline": 1,
      "status": null,
      "is_active": false,
      "created": "2019-09-23",
      "updated": "2019-09-23"
   }
},
{
   "model": "sportsman.sportsman",
   "pk": 71,
   "fields": {
      "first_name": "3423453",
      "last_name": "\u0413\u0430\u0440\u0435\u0446",
      "middle_name": "\u0414\u043c\u0438\u0442\u0440\u0438\u0435\u0432\u0438\u0447",
      "email": "aspirpd@gmail.com",
      "phone": "+7-950-879-08-81",
      "dob": "1990-06-25",
      "gender": 1,
      "weight": 2,
      "age": 2,
      "raised_weight": "0.0",
      "wilkes": "0.00",
      "country": "\u0420\u043e\u0441\u0441\u0438\u044f",
      "region": "\u041a\u0443\u0440\u0441\u043a\u0430\u044f \u043e\u0431\u043b\u0430\u0441\u0442\u044c",
      "town": "\u041a\u0443\u0440\u0441\u043a",
      "team": 1,
      "trainer": "\u041a\u043e\u043d\u0441\u0442\u0430\u043d\u0442\u0438\u043d\u043e\u0432 \u0420\u043e\u043c\u0430\u043d",
      "tournament": 3,
      "division": 2,
      "discipline": 1,
      "status": null,
      "is_active": false,
      "created": "2019-09-23",
      "updated": "2019-09-23"
   }
},
{
   "model": "sportsman.sportsman",
   "pk": 72,
   "fields": {
      "first_name": "3423453",
      "last_name": "\u0413\u0430\u0440\u0435\u0446",
      "middle_name": "\u0414\u043c\u0438\u0442\u0440\u0438\u0435\u0432\u0438\u0447",
      "email": "aspirpd@gmail.com",
      "phone": "+7-950-879-08-81",
      "dob": "1990-06-25",
      "gender": 1,
      "weight": 4,
      "age": 3,
      "raised_weight": "0.0",
      "wilkes": "0.00",
      "country": "\u0420\u043e\u0441\u0441\u0438\u044f",
      "region": "\u041a\u0443\u0440\u0441\u043a\u0430\u044f \u043e\u0431\u043b\u0430\u0441\u0442\u044c",
      "town": "\u041a\u0443\u0440\u0441\u043a",
      "team": 1,
      "trainer": "\u041a\u043e\u043d\u0441\u0442\u0430\u043d\u0442\u0438\u043d\u043e\u0432 \u0420\u043e\u043c\u0430\u043d",
      "tournament": 3,
      "division": 2,
      "discipline": 1,
      "status": null,
      "is_active": false,
      "created": "2019-09-23",
      "updated": "2019-09-23"
   }
},
{
   "model": "sportsman.sportsman",
   "pk": 73,
   "fields": {
      "first_name": "3423453",
      "last_name": "\u0413\u0430\u0440\u0435\u0446",
      "middle_name": "\u0414\u043c\u0438\u0442\u0440\u0438\u0435\u0432\u0438\u0447",
      "email": "aspirpd@gmail.com",
      "phone": "+7-950-879-08-81",
      "dob": "1990-06-25",
      "gender": 1,
      "weight": 4,
      "age": 3,
      "raised_weight": "0.0",
      "wilkes": "0.00",
      "country": "\u0420\u043e\u0441\u0441\u0438\u044f",
      "region": "\u041a\u0443\u0440\u0441\u043a\u0430\u044f \u043e\u0431\u043b\u0430\u0441\u0442\u044c",
      "town": "\u041a\u0443\u0440\u0441\u043a",
      "team": 1,
      "trainer": "\u041a\u043e\u043d\u0441\u0442\u0430\u043d\u0442\u0438\u043d\u043e\u0432 \u0420\u043e\u043c\u0430\u043d",
      "tournament": 3,
      "division": 2,
      "discipline": 1,
      "status": null,
      "is_active": false,
      "created": "2019-09-23",
      "updated": "2019-09-23"
   }
},
{
   "model": "sportsman.sportsman",
   "pk": 74,
   "fields": {
      "first_name": "3423453",
      "last_name": "\u0413\u0430\u0440\u0435\u0446",
      "middle_name": "\u0414\u043c\u0438\u0442\u0440\u0438\u0435\u0432\u0438\u0447",
      "email": "aspirpd@gmail.com",
      "phone": "+7-950-879-08-81",
      "dob": "1990-06-25",
      "gender": 1,
      "weight": 4,
      "age": 3,
      "raised_weight": "0.0",
      "wilkes": "0.00",
      "country": "\u0420\u043e\u0441\u0441\u0438\u044f",
      "region": "\u041a\u0443\u0440\u0441\u043a\u0430\u044f \u043e\u0431\u043b\u0430\u0441\u0442\u044c",
      "town": "\u041a\u0443\u0440\u0441\u043a",
      "team": 1,
      "trainer": "\u041a\u043e\u043d\u0441\u0442\u0430\u043d\u0442\u0438\u043d\u043e\u0432 \u0420\u043e\u043c\u0430\u043d",
      "tournament": 3,
      "division": 2,
      "discipline": 1,
      "status": null,
      "is_active": false,
      "created": "2019-09-23",
      "updated": "2019-09-23"
   }
},
{
   "model": "sportsman.sportsman",
   "pk": 75,
   "fields": {
      "first_name": "3423453",
      "last_name": "Test",
      "middle_name": "Test",
      "email": "aspirpd@gmail.com",
      "phone": "+7-950-879-08-81",
      "dob": "1990-06-25",
      "gender": 3,
      "weight": 10,
      "age": 7,
      "raised_weight": "0.0",
      "wilkes": "0.00",
      "country": "Test",
      "region": "Test",
      "town": "TestTest",
      "team": 1,
      "trainer": "Test",
      "tournament": 3,
      "division": 1,
      "discipline": 13,
      "status": null,
      "is_active": false,
      "created": "2019-09-23",
      "updated": "2019-09-23"
   }
},
{
   "model": "sportsman.sportsman",
   "pk": 76,
   "fields": {
      "first_name": "3423453",
      "last_name": null,
      "middle_name": null,
      "email": "aspirpd@gmail.com",
      "phone": null,
      "dob": null,
      "gender": 1,
      "weight": null,
      "age": 1,
      "raised_weight": "0.0",
      "wilkes": "0.00",
      "country": "\u0420\u043e\u0441\u0441\u0438\u044f",
      "region": null,
      "town": null,
      "team": null,
      "trainer": null,
      "tournament": 1,
      "division": 1,
      "discipline": 1,
      "status": null,
      "is_active": false,
      "created": "2019-09-23",
      "updated": "2019-09-23"
   }
},
{
   "model": "sportsman.sportsman",
   "pk": 77,
   "fields": {
      "first_name": "3423453",
      "last_name": "Test",
      "middle_name": "Test",
      "email": "aspirpd@gmail.com",
      "phone": "+7-950-879-08-81",
      "dob": "1990-06-25",
      "gender": 3,
      "weight": 10,
      "age": 7,
      "raised_weight": "0.0",
      "wilkes": "0.00",
      "country": "Test",
      "region": "Test",
      "town": "TestTest",
      "team": 1,
      "trainer": "Test",
      "tournament": 3,
      "division": 1,
      "discipline": 13,
      "status": null,
      "is_active": false,
      "created": "2019-09-24",
      "updated": "2019-09-24"
   }
},
{
   "model": "sportsman.sportsman",
   "pk": 78,
   "fields": {
      "first_name": "3423453",
      "last_name": null,
      "middle_name": null,
      "email": "aspirpd@gmail.com",
      "phone": null,
      "dob": null,
      "gender": 1,
      "weight": null,
      "age": 1,
      "raised_weight": "0.0",
      "wilkes": "0.00",
      "country": "\u0420\u043e\u0441\u0441\u0438\u044f",
      "region": null,
      "town": null,
      "team": null,
      "trainer": null,
      "tournament": 1,
      "division": 1,
      "discipline": 1,
      "status": null,
      "is_active": false,
      "created": "2019-09-24",
      "updated": "2019-09-24"
   }
},
{
   "model": "sportsman.sportsman",
   "pk": 79,
   "fields": {
      "first_name": "3423453",
      "last_name": "body",
      "middle_name": "body",
      "email": "aspirpd@gmail.com",
      "phone": "+7-950-879-08-81",
      "dob": "1990-06-25",
      "gender": 2,
      "weight": 3,
      "age": 2,
      "raised_weight": "0.0",
      "wilkes": "0.00",
      "country": "body",
      "region": "body",
      "town": "body",
      "team": 1,
      "trainer": "body",
      "tournament": 3,
      "division": 2,
      "discipline": 2,
      "status": null,
      "is_active": false,
      "created": "2019-09-24",
      "updated": "2019-09-24"
   }
},
{
   "model": "sportsman.sportsman",
   "pk": 80,
   "fields": {
      "first_name": "3423453",
      "last_name": null,
      "middle_name": null,
      "email": "aspirpd@gmail.com",
      "phone": null,
      "dob": null,
      "gender": 1,
      "weight": null,
      "age": 1,
      "raised_weight": "0.0",
      "wilkes": "0.00",
      "country": "\u0420\u043e\u0441\u0441\u0438\u044f",
      "region": null,
      "town": null,
      "team": null,
      "trainer": null,
      "tournament": 1,
      "division": 1,
      "discipline": 1,
      "status": null,
      "is_active": false,
      "created": "2019-09-24",
      "updated": "2019-09-24"
   }
},
{
   "model": "sportsman.sportsman",
   "pk": 81,
   "fields": {
      "first_name": "3423453",
      "last_name": "\u0422\u044c\u0444\u0443",
      "middle_name": "\u0422\u044c\u0444\u0443",
      "email": "aspirpd@gmail.com",
      "phone": "+7-950-879-00-81",
      "dob": "1990-06-25",
      "gender": 1,
      "weight": 2,
      "age": 2,
      "raised_weight": "0.0",
      "wilkes": "0.00",
      "country": "\u0422\u044c\u0444\u0443",
      "region": "\u0422\u044c\u0444\u0443",
      "town": "\u0422\u044c\u0444\u0443",
      "team": 1,
      "trainer": "\u0422\u044c\u0444\u0443",
      "tournament": 3,
      "division": 2,
      "discipline": 2,
      "status": null,
      "is_active": false,
      "created": "2019-09-24",
      "updated": "2019-09-24"
   }
},
{
   "model": "sportsman.sportsman",
   "pk": 82,
   "fields": {
      "first_name": "3423453",
      "last_name": null,
      "middle_name": null,
      "email": "aspirpd@gmail.com",
      "phone": null,
      "dob": null,
      "gender": 1,
      "weight": null,
      "age": 1,
      "raised_weight": "0.0",
      "wilkes": "0.00",
      "country": "\u0420\u043e\u0441\u0441\u0438\u044f",
      "region": null,
      "town": null,
      "team": null,
      "trainer": null,
      "tournament": 1,
      "division": 1,
      "discipline": 1,
      "status": null,
      "is_active": false,
      "created": "2019-09-24",
      "updated": "2019-09-24"
   }
},
{
   "model": "sportsman.sportsman",
   "pk": 83,
   "fields": {
      "first_name": "3423453",
      "last_name": "\u0413\u0435\u043d\u0435\u0440\u0430\u043b",
      "middle_name": "\u0413\u0435\u043d\u0435\u0440\u0430\u043b",
      "email": "aspirpd@gmail.com",
      "phone": "+7-950-879-08-81",
      "dob": "1990-06-25",
      "gender": 1,
      "weight": 2,
      "age": 1,
      "raised_weight": "0.0",
      "wilkes": "0.00",
      "country": "\u0413\u0435\u043d\u0435\u0440\u0430\u043b",
      "region": "\u0413\u0435\u043d\u0435\u0440\u0430\u043b",
      "town": "\u0413\u0435\u043d\u0435\u0440\u0430\u043b",
      "team": 1,
      "trainer": "\u0413\u0435\u043d\u0435\u0440\u0430\u043b",
      "tournament": 3,
      "division": 1,
      "discipline": 2,
      "status": null,
      "is_active": false,
      "created": "2019-09-24",
      "updated": "2019-09-24"
   }
},
{
   "model": "sportsman.sportsman",
   "pk": 84,
   "fields": {
      "first_name": "3423453",
      "last_name": "Canno",
      "middle_name": "Canno",
      "email": "aspirpd@gmail.com",
      "phone": "+7-950-879-08-81",
      "dob": "1990-06-25",
      "gender": 1,
      "weight": 1,
      "age": 2,
      "raised_weight": "0.0",
      "wilkes": "0.00",
      "country": "Canno",
      "region": "Canno",
      "town": "Canno",
      "team": 1,
      "trainer": "Canno",
      "tournament": 3,
      "division": 2,
      "discipline": 1,
      "status": null,
      "is_active": false,
      "created": "2019-09-24",
      "updated": "2019-09-24"
   }
},
{
   "model": "sportsman.sportsman",
   "pk": 85,
   "fields": {
      "first_name": "3423453",
      "last_name": null,
      "middle_name": null,
      "email": "aspirpd@gmail.com",
      "phone": null,
      "dob": null,
      "gender": 1,
      "weight": null,
      "age": 1,
      "raised_weight": "0.0",
      "wilkes": "0.00",
      "country": "\u0420\u043e\u0441\u0441\u0438\u044f",
      "region": null,
      "town": null,
      "team": null,
      "trainer": null,
      "tournament": 1,
      "division": 1,
      "discipline": 1,
      "status": null,
      "is_active": false,
      "created": "2019-09-24",
      "updated": "2019-09-24"
   }
},
{
   "model": "sportsman.sportsman",
   "pk": 86,
   "fields": {
      "first_name": "3423453",
      "last_name": "Canno",
      "middle_name": "Canno",
      "email": "aspirpd@gmail.com",
      "phone": "+7-950-879-08-81",
      "dob": "1990-06-25",
      "gender": 1,
      "weight": 2,
      "age": 4,
      "raised_weight": "0.0",
      "wilkes": "0.00",
      "country": "Canno",
      "region": "Canno",
      "town": "Canno",
      "team": 1,
      "trainer": "Canno",
      "tournament": 3,
      "division": 1,
      "discipline": 1,
      "status": null,
      "is_active": false,
      "created": "2019-09-24",
      "updated": "2019-09-24"
   }
},
{
   "model": "sportsman.sportsman",
   "pk": 87,
   "fields": {
      "first_name": "3423453",
      "last_name": null,
      "middle_name": null,
      "email": "aspirpd@gmail.com",
      "phone": null,
      "dob": null,
      "gender": 1,
      "weight": null,
      "age": 1,
      "raised_weight": "0.0",
      "wilkes": "0.00",
      "country": "\u0420\u043e\u0441\u0441\u0438\u044f",
      "region": null,
      "town": null,
      "team": null,
      "trainer": null,
      "tournament": 1,
      "division": 1,
      "discipline": 1,
      "status": null,
      "is_active": false,
      "created": "2019-09-24",
      "updated": "2019-09-24"
   }
},
{
   "model": "sportsman.sportsman",
   "pk": 88,
   "fields": {
      "first_name": "3423453",
      "last_name": "Canno",
      "middle_name": "Canno",
      "email": "aspirpd@gmail.com",
      "phone": "+7-950-879-08-81",
      "dob": "1990-06-25",
      "gender": 1,
      "weight": 2,
      "age": 4,
      "raised_weight": "0.0",
      "wilkes": "0.00",
      "country": "Canno",
      "region": "Canno",
      "town": "Canno",
      "team": 1,
      "trainer": "Canno",
      "tournament": 3,
      "division": 1,
      "discipline": 1,
      "status": null,
      "is_active": false,
      "created": "2019-09-24",
      "updated": "2019-09-24"
   }
},
{
   "model": "sportsman.sportsman",
   "pk": 89,
   "fields": {
      "first_name": "3423453",
      "last_name": null,
      "middle_name": null,
      "email": "aspirpd@gmail.com",
      "phone": null,
      "dob": null,
      "gender": 1,
      "weight": null,
      "age": 1,
      "raised_weight": "0.0",
      "wilkes": "0.00",
      "country": "\u0420\u043e\u0441\u0441\u0438\u044f",
      "region": null,
      "town": null,
      "team": null,
      "trainer": null,
      "tournament": 1,
      "division": 1,
      "discipline": 1,
      "status": null,
      "is_active": false,
      "created": "2019-09-24",
      "updated": "2019-09-24"
   }
},
{
   "model": "sportsman.sportsman",
   "pk": 90,
   "fields": {
      "first_name": "3423453",
      "last_name": "\u041f\u043f",
      "middle_name": "\u041f\u043f",
      "email": "aspirpd@gmail.com",
      "phone": "+7-950-879-08-81",
      "dob": "1990-06-25",
      "gender": 1,
      "weight": 1,
      "age": 1,
      "raised_weight": "0.0",
      "wilkes": "0.00",
      "country": "\u041f\u043f",
      "region": "\u041f\u043f",
      "town": "\u041f\u043f",
      "team": 1,
      "trainer": "\u041f\u043f",
      "tournament": 3,
      "division": 2,
      "discipline": 1,
      "status": null,
      "is_active": false,
      "created": "2019-09-24",
      "updated": "2019-09-24"
   }
},
{
   "model": "sportsman.sportsman",
   "pk": 91,
   "fields": {
      "first_name": "3423453",
      "last_name": null,
      "middle_name": null,
      "email": "aspirpd@gmail.com",
      "phone": null,
      "dob": null,
      "gender": 1,
      "weight": null,
      "age": 1,
      "raised_weight": "0.0",
      "wilkes": "0.00",
      "country": "\u0420\u043e\u0441\u0441\u0438\u044f",
      "region": null,
      "town": null,
      "team": null,
      "trainer": null,
      "tournament": 1,
      "division": 1,
      "discipline": 1,
      "status": null,
      "is_active": false,
      "created": "2019-09-24",
      "updated": "2019-09-24"
   }
},
{
   "model": "sportsman.sportsman",
   "pk": 92,
   "fields": {
      "first_name": "3423453",
      "last_name": "\u041f\u043f",
      "middle_name": "\u041f\u043f",
      "email": "aspirpd@gmail.com",
      "phone": "+7-950-879-08-81",
      "dob": "1990-06-25",
      "gender": 1,
      "weight": 2,
      "age": 2,
      "raised_weight": "0.0",
      "wilkes": "0.00",
      "country": "\u041f\u043f",
      "region": "\u041f\u043f",
      "town": "\u041f\u043f",
      "team": 1,
      "trainer": "\u041f\u043f",
      "tournament": 3,
      "division": 1,
      "discipline": 1,
      "status": null,
      "is_active": false,
      "created": "2019-09-24",
      "updated": "2019-09-24"
   }
},
{
   "model": "sportsman.sportsman",
   "pk": 93,
   "fields": {
      "first_name": "3423453",
      "last_name": null,
      "middle_name": null,
      "email": "aspirpd@gmail.com",
      "phone": null,
      "dob": null,
      "gender": 1,
      "weight": null,
      "age": 1,
      "raised_weight": "0.0",
      "wilkes": "0.00",
      "country": "\u0420\u043e\u0441\u0441\u0438\u044f",
      "region": null,
      "town": null,
      "team": null,
      "trainer": null,
      "tournament": 1,
      "division": 1,
      "discipline": 1,
      "status": null,
      "is_active": false,
      "created": "2019-09-24",
      "updated": "2019-09-24"
   }
},
{
   "model": "sportsman.sportsman",
   "pk": 94,
   "fields": {
      "first_name": "3423453",
      "last_name": "\u041f\u043f",
      "middle_name": "\u041f\u043f",
      "email": "aspirpd@gmail.com",
      "phone": "+7-950-879-08-81",
      "dob": "1990-06-25",
      "gender": 2,
      "weight": 2,
      "age": 2,
      "raised_weight": "0.0",
      "wilkes": "0.00",
      "country": "\u041f\u043f",
      "region": "\u041f\u043f",
      "town": "\u041f\u043f",
      "team": 1,
      "trainer": "\u041f\u043f",
      "tournament": 3,
      "division": 2,
      "discipline": 3,
      "status": null,
      "is_active": false,
      "created": "2019-09-24",
      "updated": "2019-09-24"
   }
},
{
   "model": "sportsman.sportsman",
   "pk": 95,
   "fields": {
      "first_name": "3423453",
      "last_name": null,
      "middle_name": null,
      "email": "aspirpd@gmail.com",
      "phone": null,
      "dob": null,
      "gender": 1,
      "weight": null,
      "age": 1,
      "raised_weight": "0.0",
      "wilkes": "0.00",
      "country": "\u0420\u043e\u0441\u0441\u0438\u044f",
      "region": null,
      "town": null,
      "team": null,
      "trainer": null,
      "tournament": 1,
      "division": 1,
      "discipline": 1,
      "status": null,
      "is_active": false,
      "created": "2019-09-24",
      "updated": "2019-09-24"
   }
},
{
   "model": "sportsman.sportsman",
   "pk": 96,
   "fields": {
      "first_name": "3423453",
      "last_name": "\u041f\u043f1",
      "middle_name": "\u041f\u043f1",
      "email": "aspirpd@gmail.com",
      "phone": "+7-950-879-08-81",
      "dob": "1990-06-25",
      "gender": 1,
      "weight": 3,
      "age": 3,
      "raised_weight": "0.0",
      "wilkes": "0.00",
      "country": "\u041f\u043f",
      "region": "\u041f\u043f",
      "town": "\u041f\u043f",
      "team": 1,
      "trainer": "\u041f\u043f",
      "tournament": 3,
      "division": 2,
      "discipline": 2,
      "status": null,
      "is_active": false,
      "created": "2019-09-24",
      "updated": "2019-09-24"
   }
},
{
   "model": "sportsman.sportsman",
   "pk": 97,
   "fields": {
      "first_name": "3423453",
      "last_name": "\u041f\u043f1",
      "middle_name": "\u041f\u043f1",
      "email": "aspirpd@gmail.com",
      "phone": "+7-950-879-08-81",
      "dob": "1990-06-25",
      "gender": 1,
      "weight": 3,
      "age": 3,
      "raised_weight": "0.0",
      "wilkes": "0.00",
      "country": "\u041f\u043f",
      "region": "\u041f\u043f",
      "town": "\u041f\u043f",
      "team": 1,
      "trainer": "\u041f\u043f",
      "tournament": 3,
      "division": 2,
      "discipline": 2,
      "status": null,
      "is_active": false,
      "created": "2019-09-24",
      "updated": "2019-09-24"
   }
},
{
   "model": "sportsman.sportsman",
   "pk": 98,
   "fields": {
      "first_name": "3423453",
      "last_name": "\u041f\u043f1",
      "middle_name": "\u041f\u043f1",
      "email": "aspirpd@gmail.com",
      "phone": "+7-950-879-08-81",
      "dob": "1990-06-25",
      "gender": 1,
      "weight": 3,
      "age": 3,
      "raised_weight": "0.0",
      "wilkes": "0.00",
      "country": "\u041f\u043f",
      "region": "\u041f\u043f",
      "town": "\u041f\u043f",
      "team": 1,
      "trainer": "\u041f\u043f",
      "tournament": 3,
      "division": 2,
      "discipline": 2,
      "status": null,
      "is_active": false,
      "created": "2019-09-24",
      "updated": "2019-09-24"
   }
},
{
   "model": "sportsman.sportsman",
   "pk": 99,
   "fields": {
      "first_name": "3423453",
      "last_name": "\u041f\u043f1",
      "middle_name": "\u041f\u043f1",
      "email": "aspirpd@gmail.com",
      "phone": "+7-950-879-08-81",
      "dob": "1990-06-25",
      "gender": 1,
      "weight": 3,
      "age": 3,
      "raised_weight": "0.0",
      "wilkes": "0.00",
      "country": "\u041f\u043f",
      "region": "\u041f\u043f",
      "town": "\u041f\u043f",
      "team": 1,
      "trainer": "\u041f\u043f",
      "tournament": 3,
      "division": 2,
      "discipline": 2,
      "status": null,
      "is_active": false,
      "created": "2019-09-24",
      "updated": "2019-09-24"
   }
},
{
   "model": "sportsman.sportsman",
   "pk": 100,
   "fields": {
      "first_name": "3423453",
      "last_name": "\u041f\u043f2",
      "middle_name": "\u041f\u043f2",
      "email": "aspirpd@gmail.com",
      "phone": "+7-950-879-08-81",
      "dob": "1990-06-25",
      "gender": 1,
      "weight": 3,
      "age": 2,
      "raised_weight": "0.0",
      "wilkes": "0.00",
      "country": "\u041f\u043f",
      "region": "\u041f\u043f",
      "town": "\u041f\u043f",
      "team": 1,
      "trainer": "\u041f\u043f",
      "tournament": 3,
      "division": 1,
      "discipline": 1,
      "status": null,
      "is_active": false,
      "created": "2019-09-24",
      "updated": "2019-09-24"
   }
},
{
   "model": "sportsman.sportsman",
   "pk": 101,
   "fields": {
      "first_name": "3423453",
      "last_name": "\u041f\u043f2",
      "middle_name": "\u041f\u043f2",
      "email": "aspirpd@gmail.com",
      "phone": "+7-950-879-08-81",
      "dob": "1990-06-25",
      "gender": 1,
      "weight": 3,
      "age": 2,
      "raised_weight": "0.0",
      "wilkes": "0.00",
      "country": "\u041f\u043f",
      "region": "\u041f\u043f",
      "town": "\u041f\u043f",
      "team": 1,
      "trainer": "\u041f\u043f",
      "tournament": 3,
      "division": 1,
      "discipline": 1,
      "status": null,
      "is_active": false,
      "created": "2019-09-24",
      "updated": "2019-09-24"
   }
},
{
   "model": "sportsman.sportsman",
   "pk": 102,
   "fields": {
      "first_name": "3423453",
      "last_name": "\u041f\u043f2",
      "middle_name": "\u041f\u043f2",
      "email": "aspirpd@gmail.com",
      "phone": "+7-950-879-08-81",
      "dob": "1990-06-25",
      "gender": 1,
      "weight": 3,
      "age": 2,
      "raised_weight": "0.0",
      "wilkes": "0.00",
      "country": "\u041f\u043f",
      "region": "\u041f\u043f",
      "town": "\u041f\u043f",
      "team": 1,
      "trainer": "\u041f\u043f",
      "tournament": 3,
      "division": 1,
      "discipline": 1,
      "status": null,
      "is_active": false,
      "created": "2019-09-24",
      "updated": "2019-09-24"
   }
},
{
   "model": "sportsman.sportsman",
   "pk": 103,
   "fields": {
      "first_name": "3423453",
      "last_name": "\u041f\u043f2",
      "middle_name": "\u041f\u043f2",
      "email": "aspirpd@gmail.com",
      "phone": "+7-950-879-08-81",
      "dob": "1990-06-25",
      "gender": 1,
      "weight": 3,
      "age": 2,
      "raised_weight": "0.0",
      "wilkes": "0.00",
      "country": "\u041f\u043f",
      "region": "\u041f\u043f",
      "town": "\u041f\u043f",
      "team": 1,
      "trainer": "\u041f\u043f",
      "tournament": 3,
      "division": 1,
      "discipline": 1,
      "status": null,
      "is_active": false,
      "created": "2019-09-24",
      "updated": "2019-09-24"
   }
},
{
   "model": "sportsman.sportsman",
   "pk": 104,
   "fields": {
      "first_name": "3423453",
      "last_name": "\u041f\u043f2",
      "middle_name": "\u041f\u043f2",
      "email": "aspirpd@gmail.com",
      "phone": "+7-950-879-08-81",
      "dob": "1990-06-25",
      "gender": 1,
      "weight": 3,
      "age": 2,
      "raised_weight": "0.0",
      "wilkes": "0.00",
      "country": "\u041f\u043f",
      "region": "\u041f\u043f",
      "town": "\u041f\u043f",
      "team": 1,
      "trainer": "\u041f\u043f",
      "tournament": 3,
      "division": 1,
      "discipline": 1,
      "status": null,
      "is_active": false,
      "created": "2019-09-24",
      "updated": "2019-09-24"
   }
},
{
   "model": "sportsman.sportsman",
   "pk": 105,
   "fields": {
      "first_name": "3423453",
      "last_name": "\u0413\u0430\u0440\u0435\u0446",
      "middle_name": "\u0414\u043c\u0438\u0442\u0440\u0438\u0435\u0432\u0438\u0447",
      "email": "aspirpd@gmail.com",
      "phone": "+7-950-879-08-81",
      "dob": "1990-06-25",
      "gender": 1,
      "weight": 2,
      "age": 2,
      "raised_weight": "0.0",
      "wilkes": "0.00",
      "country": "\u0420\u043e\u0441\u0441\u0438\u044f",
      "region": "\u041a\u0443\u0440\u0441\u043a\u0430\u044f \u043e\u0431\u043b\u0430\u0441\u0442\u044c",
      "town": "\u041a\u0443\u0440\u0441\u043a",
      "team": 1,
      "trainer": "",
      "tournament": 3,
      "division": 1,
      "discipline": 3,
      "status": null,
      "is_active": false,
      "created": "2019-09-25",
      "updated": "2019-09-25"
   }
},
{
   "model": "sportsman.sportsman",
   "pk": 106,
   "fields": {
      "first_name": "3423453",
      "last_name": "\u0413\u0430\u0440\u0435\u0446",
      "middle_name": "\u0414\u043c\u0438\u0442\u0440\u0438\u0435\u0432\u0438\u0447",
      "email": "aspirpd@gmail.com",
      "phone": "+7-950-879-08-81",
      "dob": "1990-06-25",
      "gender": 1,
      "weight": 2,
      "age": 2,
      "raised_weight": "0.0",
      "wilkes": "0.00",
      "country": "\u0420\u043e\u0441\u0441\u0438\u044f",
      "region": "\u041a\u0443\u0440\u0441\u043a\u0430\u044f \u043e\u0431\u043b\u0430\u0441\u0442\u044c",
      "town": "\u041a\u0443\u0440\u0441\u043a",
      "team": 1,
      "trainer": "",
      "tournament": 3,
      "division": 1,
      "discipline": 3,
      "status": null,
      "is_active": false,
      "created": "2019-09-25",
      "updated": "2019-09-25"
   }
},
{
   "model": "sportsman.sportsman",
   "pk": 107,
   "fields": {
      "first_name": "3423453",
      "last_name": "\u0413\u0430\u0440\u0435\u0446",
      "middle_name": "\u0414\u043c\u0438\u0442\u0440\u0438\u0435\u0432\u0438\u0447",
      "email": "aspirpd@gmail.com",
      "phone": "+7-950-879-08-81",
      "dob": "1990-06-25",
      "gender": 1,
      "weight": 2,
      "age": 2,
      "raised_weight": "0.0",
      "wilkes": "0.00",
      "country": "\u0420\u043e\u0441\u0441\u0438\u044f",
      "region": "\u041a\u0443\u0440\u0441\u043a\u0430\u044f \u043e\u0431\u043b\u0430\u0441\u0442\u044c",
      "town": "\u041a\u0443\u0440\u0441\u043a",
      "team": 1,
      "trainer": "",
      "tournament": 3,
      "division": 1,
      "discipline": 3,
      "status": null,
      "is_active": false,
      "created": "2019-09-25",
      "updated": "2019-09-25"
   }
},
{
   "model": "sportsman.sportsman",
   "pk": 108,
   "fields": {
      "first_name": "3423453",
      "last_name": "\u0413\u0430\u0440\u0435\u0446",
      "middle_name": "\u0414\u043c\u0438\u0442\u0440\u0438\u0435\u0432\u0438\u0447",
      "email": "aspirpd@gmail.com",
      "phone": "+7-950-879-08-81",
      "dob": "1990-06-25",
      "gender": 1,
      "weight": 2,
      "age": 2,
      "raised_weight": "0.0",
      "wilkes": "0.00",
      "country": "\u0420\u043e\u0441\u0441\u0438\u044f",
      "region": "\u041a\u0443\u0440\u0441\u043a\u0430\u044f \u043e\u0431\u043b\u0430\u0441\u0442\u044c",
      "town": "\u041a\u0443\u0440\u0441\u043a",
      "team": 1,
      "trainer": "",
      "tournament": 3,
      "division": 1,
      "discipline": 3,
      "status": null,
      "is_active": false,
      "created": "2019-09-25",
      "updated": "2019-09-25"
   }
},
{
   "model": "sportsman.sportsman",
   "pk": 109,
   "fields": {
      "first_name": "3423453",
      "last_name": "\u0413\u0430\u0440\u0435\u0446",
      "middle_name": "\u0414\u043c\u0438\u0442\u0440\u0438\u0435\u0432\u0438\u0447",
      "email": "aspirpd@gmail.com",
      "phone": "+7-950-879-08-81",
      "dob": "1990-06-25",
      "gender": 1,
      "weight": 2,
      "age": 2,
      "raised_weight": "0.0",
      "wilkes": "0.00",
      "country": "\u0420\u043e\u0441\u0441\u0438\u044f",
      "region": "\u041a\u0443\u0440\u0441\u043a\u0430\u044f \u043e\u0431\u043b\u0430\u0441\u0442\u044c",
      "town": "\u041a\u0443\u0440\u0441\u043a",
      "team": 1,
      "trainer": "",
      "tournament": 3,
      "division": 1,
      "discipline": 3,
      "status": null,
      "is_active": false,
      "created": "2019-09-25",
      "updated": "2019-09-25"
   }
},
{
   "model": "sportsman.sportsman",
   "pk": 110,
   "fields": {
      "first_name": "3423453",
      "last_name": "\u0413\u0430\u0440\u0435\u0446",
      "middle_name": "\u0414\u043c\u0438\u0442\u0440\u0438\u0435\u0432\u0438\u0447",
      "email": "aspirpd@gmail.com",
      "phone": "+7-950-879-08-81",
      "dob": "1990-06-25",
      "gender": 1,
      "weight": 2,
      "age": 2,
      "raised_weight": "0.0",
      "wilkes": "0.00",
      "country": "\u0420\u043e\u0441\u0441\u0438\u044f",
      "region": "\u041a\u0443\u0440\u0441\u043a\u0430\u044f \u043e\u0431\u043b\u0430\u0441\u0442\u044c",
      "town": "\u041a\u0443\u0440\u0441\u043a",
      "team": 1,
      "trainer": "",
      "tournament": 3,
      "division": 1,
      "discipline": 3,
      "status": null,
      "is_active": false,
      "created": "2019-09-25",
      "updated": "2019-09-25"
   }
},
{
   "model": "sportsman.sportsman",
   "pk": 111,
   "fields": {
      "first_name": "\u041f\u0430\u0432\u0435\u043b",
      "last_name": "\u0413\u0430\u0440\u0435\u0446",
      "middle_name": "\u0414\u043c\u0438\u0442\u0440\u0438\u0435\u0432\u0438\u0447",
      "email": "aspirpd@gmail.com",
      "phone": "+7-950-879-08-81",
      "dob": "1990-06-25",
      "gender": 1,
      "weight": 2,
      "age": 2,
      "raised_weight": "0.0",
      "wilkes": "0.00",
      "country": "\u0420\u043e\u0441\u0441\u0438\u044f",
      "region": "\u041a\u0443\u0440\u0441\u043a\u0430\u044f \u043e\u0431\u043b\u0430\u0441\u0442\u044c",
      "town": "\u041a\u0443\u0440\u0441\u043a",
      "team": 1,
      "trainer": "",
      "tournament": 3,
      "division": 1,
      "discipline": 3,
      "status": null,
      "is_active": false,
      "created": "2019-09-25",
      "updated": "2019-09-25"
   }
},
{
   "model": "sportsman.sportsman",
   "pk": 112,
   "fields": {
      "first_name": "\u041f\u0430\u0432\u0435\u043b",
      "last_name": "\u0413\u0430\u0440\u0435\u0446",
      "middle_name": "\u0414\u043c\u0438\u0442\u0440\u0438\u0435\u0432\u0438\u0447",
      "email": "aspirpd@gmail.com",
      "phone": "+7-950-879-08-81",
      "dob": "1990-06-25",
      "gender": 1,
      "weight": 2,
      "age": 2,
      "raised_weight": "0.0",
      "wilkes": "0.00",
      "country": "\u0420\u043e\u0441\u0441\u0438\u044f",
      "region": "\u041a\u0443\u0440\u0441\u043a\u0430\u044f \u043e\u0431\u043b\u0430\u0441\u0442\u044c",
      "town": "\u041a\u0443\u0440\u0441\u043a",
      "team": 1,
      "trainer": "",
      "tournament": 3,
      "division": 1,
      "discipline": 3,
      "status": null,
      "is_active": false,
      "created": "2019-09-25",
      "updated": "2019-09-25"
   }
},
{
   "model": "sportsman.sportsman",
   "pk": 113,
   "fields": {
      "first_name": "\u041f\u0430\u0432\u0435\u043b",
      "last_name": "\u0413\u0430\u0440\u0435\u0446",
      "middle_name": "\u0414\u043c\u0438\u0442\u0440\u0438\u0435\u0432\u0438\u0447",
      "email": "aspirpd@gmail.com",
      "phone": "+7-950-879-08-81",
      "dob": "1990-06-25",
      "gender": 1,
      "weight": 2,
      "age": 2,
      "raised_weight": "0.0",
      "wilkes": "0.00",
      "country": "\u0420\u043e\u0441\u0441\u0438\u044f",
      "region": "\u041a\u0443\u0440\u0441\u043a\u0430\u044f \u043e\u0431\u043b\u0430\u0441\u0442\u044c",
      "town": "\u041a\u0443\u0440\u0441\u043a",
      "team": 1,
      "trainer": "",
      "tournament": 3,
      "division": 1,
      "discipline": 3,
      "status": null,
      "is_active": false,
      "created": "2019-09-25",
      "updated": "2019-09-25"
   }
},
{
   "model": "sportsman.sportsman",
   "pk": 114,
   "fields": {
      "first_name": "3423453",
      "last_name": null,
      "middle_name": null,
      "email": "aspirpd@gmail.com",
      "phone": null,
      "dob": null,
      "gender": 1,
      "weight": null,
      "age": 1,
      "raised_weight": "0.0",
      "wilkes": "0.00",
      "country": "\u0420\u043e\u0441\u0441\u0438\u044f",
      "region": null,
      "town": null,
      "team": null,
      "trainer": null,
      "tournament": 1,
      "division": 1,
      "discipline": 1,
      "status": null,
      "is_active": false,
      "created": "2019-09-25",
      "updated": "2019-09-25"
   }
},
{
   "model": "sportsman.sportsman",
   "pk": 115,
   "fields": {
      "first_name": "\u0414\u0430\u043d\u0438\u0438\u043b",
      "last_name": "\u0410\u0433\u0430\u0440\u043a\u043e\u0432",
      "middle_name": "\u042e\u0440\u044c\u0435\u0432\u0438\u0447",
      "email": "aspirpd@gmail.com",
      "phone": "+7-950-879-08-81",
      "dob": "1990-06-25",
      "gender": 1,
      "weight": 2,
      "age": 2,
      "raised_weight": "0.0",
      "wilkes": "0.00",
      "country": "\u0420\u043e\u0441\u0441\u0438\u044f",
      "region": "\u041a\u0443\u0440\u0441\u043a\u0430\u044f",
      "town": "\u041a\u0443\u0440\u0441\u043a",
      "team": 1,
      "trainer": "",
      "tournament": 3,
      "division": 1,
      "discipline": 2,
      "status": null,
      "is_active": false,
      "created": "2019-09-25",
      "updated": "2019-09-25"
   }
},
{
   "model": "sportsman.sportsman",
   "pk": 116,
   "fields": {
      "first_name": "\u0414\u0430\u043d\u0438\u0438\u043b",
      "last_name": null,
      "middle_name": null,
      "email": "aspirpd@gmail.com",
      "phone": null,
      "dob": null,
      "gender": 1,
      "weight": null,
      "age": 1,
      "raised_weight": "0.0",
      "wilkes": "0.00",
      "country": "\u0420\u043e\u0441\u0441\u0438\u044f",
      "region": null,
      "town": null,
      "team": null,
      "trainer": null,
      "tournament": 1,
      "division": 1,
      "discipline": 1,
      "status": null,
      "is_active": false,
      "created": "2019-09-25",
      "updated": "2019-09-25"
   }
},
{
   "model": "sportsman.sportsman",
   "pk": 117,
   "fields": {
      "first_name": "\u041f\u0430\u0432\u0435\u043b",
      "last_name": null,
      "middle_name": null,
      "email": "aspirpd@gmail.com",
      "phone": "+7-950-879-08-81",
      "dob": null,
      "gender": 1,
      "weight": null,
      "age": 1,
      "raised_weight": "0.0",
      "wilkes": "0.00",
      "country": "\u0420\u043e\u0441\u0441\u0438\u044f",
      "region": null,
      "town": null,
      "team": null,
      "trainer": null,
      "tournament": 1,
      "division": 1,
      "discipline": 1,
      "status": null,
      "is_active": false,
      "created": "2019-09-25",
      "updated": "2019-09-25"
   }
},
{
   "model": "sportsman.sportsman",
   "pk": 118,
   "fields": {
      "first_name": "\u041f\u0430\u0432\u0435\u043b",
      "last_name": "\u0413\u0430\u0440\u0435\u0446",
      "middle_name": "\u0414\u043c\u0438\u0442\u0440\u0438\u0435\u0432\u0438\u0447",
      "email": "aspirpd@gmail.com",
      "phone": "+7-950-879-08-81",
      "dob": "1990-06-25",
      "gender": 1,
      "weight": 14,
      "age": 3,
      "raised_weight": "0.0",
      "wilkes": "0.00",
      "country": "\u0420\u043e\u0441\u0441\u0438\u044f",
      "region": "\u041a\u0443\u0440\u0441\u043a\u0430\u044f",
      "town": "\u041a\u0443\u0440\u0441\u043a",
      "team": 1,
      "trainer": "\u041a\u043e\u043d\u0441\u0442\u0430\u043d\u0442\u0438\u043d\u043e\u0432 \u0420\u043e\u043c\u0430\u043d",
      "tournament": 3,
      "division": 1,
      "discipline": 8,
      "status": null,
      "is_active": false,
      "created": "2019-09-25",
      "updated": "2019-09-25"
   }
},
{
   "model": "sportsman.sportsman",
   "pk": 119,
   "fields": {
      "first_name": "\u0420\u043e\u043c\u0430\u043d",
      "last_name": "\u041a\u043e\u043d\u0441\u0442\u0430\u043d\u0442\u0438\u043d\u043e\u0432",
      "middle_name": "\u041f\u0430\u0432\u043b\u043e\u0432\u0438\u0447",
      "email": "aspirpd@gmail.com",
      "phone": "+7-950-879-08-81",
      "dob": "1990-06-25",
      "gender": 1,
      "weight": 1,
      "age": 7,
      "raised_weight": "0.0",
      "wilkes": "0.00",
      "country": "\u0420\u043e\u0441\u0441\u0438\u044f",
      "region": "\u041a\u0443\u0440\u0441\u043a\u0430\u044f \u043e\u0431\u043b\u0430\u0441\u0442\u044c",
      "town": "\u041a\u0443\u0440\u0441\u043a",
      "team": 1,
      "trainer": "\u041a\u043e\u043d",
      "tournament": 3,
      "division": 1,
      "discipline": 7,
      "status": null,
      "is_active": false,
      "created": "2019-09-25",
      "updated": "2019-09-25"
   }
},
{
   "model": "sportsman.sportsman",
   "pk": 120,
   "fields": {
      "first_name": "\u0420\u043e\u043c\u0430\u043d",
      "last_name": "\u041a\u043e\u043d\u0441\u0442\u0430\u043d\u0442\u0438\u043d\u043e\u0432",
      "middle_name": "\u041f\u0430\u0432\u043b\u043e\u0432\u0438\u0447",
      "email": "aspirpd@gmail.com",
      "phone": "+7-950-879-08-81",
      "dob": "1990-06-25",
      "gender": 1,
      "weight": 1,
      "age": 7,
      "raised_weight": "0.0",
      "wilkes": "0.00",
      "country": "\u0420\u043e\u0441\u0441\u0438\u044f",
      "region": "\u041a\u0443\u0440\u0441\u043a\u0430\u044f \u043e\u0431\u043b\u0430\u0441\u0442\u044c",
      "town": "\u041a\u0443\u0440\u0441\u043a",
      "team": 1,
      "trainer": "\u041a\u043e\u043d",
      "tournament": 3,
      "division": 1,
      "discipline": 7,
      "status": null,
      "is_active": false,
      "created": "2019-09-25",
      "updated": "2019-09-25"
   }
},
{
   "model": "sportsman.sportsman",
   "pk": 121,
   "fields": {
      "first_name": "\u0420\u043e\u043c\u0430\u043d",
      "last_name": "\u041a\u043e\u043d\u0441\u0442\u0430\u043d\u0442\u0438\u043d\u043e\u0432",
      "middle_name": "\u041f\u0430\u0432\u043b\u043e\u0432\u0438\u0447",
      "email": "aspirpd@gmail.com",
      "phone": "+7-950-879-08-81",
      "dob": "1990-06-25",
      "gender": 1,
      "weight": 16,
      "age": 3,
      "raised_weight": "0.0",
      "wilkes": "0.00",
      "country": "\u0420\u043e\u0441\u0441\u0438\u044f",
      "region": "\u041a\u0443\u0440\u0441\u043a\u0430\u044f",
      "town": "\u041a\u0443\u0440\u0441\u043a",
      "team": 1,
      "trainer": "\u0420\u043e\u043c\u0430\u043d",
      "tournament": 3,
      "division": 1,
      "discipline": 7,
      "status": null,
      "is_active": false,
      "created": "2019-09-27",
      "updated": "2019-09-27"
   }
},
{
   "model": "sportsman.sportsman",
   "pk": 122,
   "fields": {
      "first_name": "\u0420\u043e\u043c\u0430\u043d",
      "last_name": "\u041a\u043e\u043d\u0441\u0442\u0430\u043d\u0442\u0438\u043d\u043e\u0432",
      "middle_name": "\u041f\u0430\u0432\u043b\u043e\u0432\u0438\u0447",
      "email": "aspirpd@gmail.com",
      "phone": "+7-950-879-08-81",
      "dob": "1990-06-25",
      "gender": 1,
      "weight": 16,
      "age": 3,
      "raised_weight": "0.0",
      "wilkes": "0.00",
      "country": "\u0420\u043e\u0441\u0441\u0438\u044f",
      "region": "\u041a\u0443\u0440\u0441\u043a\u0430\u044f",
      "town": "\u041a\u0443\u0440\u0441\u043a",
      "team": 1,
      "trainer": "\u0420\u043e\u043c\u0430\u043d",
      "tournament": 3,
      "division": 1,
      "discipline": 7,
      "status": null,
      "is_active": false,
      "created": "2019-09-27",
      "updated": "2019-09-27"
   }
},
{
   "model": "sportsman.sportsman",
   "pk": 123,
   "fields": {
      "first_name": "\u0420\u043e\u043c\u0430\u043d",
      "last_name": "\u041a\u043e\u043d\u0441\u0442\u0430\u043d\u0442\u0438\u043d\u043e\u0432",
      "middle_name": "\u041f\u0430\u0432\u043b\u043e\u0432\u0438\u0447",
      "email": "aspirpd@gmail.com",
      "phone": "+7-950-879-08-81",
      "dob": "1990-06-25",
      "gender": 1,
      "weight": 16,
      "age": 3,
      "raised_weight": "0.0",
      "wilkes": "0.00",
      "country": "\u0420\u043e\u0441\u0441\u0438\u044f",
      "region": "\u041a\u0443\u0440\u0441\u043a\u0430\u044f",
      "town": "\u041a\u0443\u0440\u0441\u043a",
      "team": 1,
      "trainer": "\u0420\u043e\u043c\u0430\u043d",
      "tournament": 3,
      "division": 1,
      "discipline": 7,
      "status": null,
      "is_active": false,
      "created": "2019-09-27",
      "updated": "2019-09-27"
   }
},
{
   "model": "sportsman.sportsman",
   "pk": 124,
   "fields": {
      "first_name": "\u0420\u043e\u043c\u0430\u043d",
      "last_name": "\u041a\u043e\u043d\u0441\u0442\u0430\u043d\u0442\u0438\u043d\u043e\u0432",
      "middle_name": "\u041f\u0430\u0432\u043b\u043e\u0432\u0438\u0447",
      "email": "aspirpd@gmail.com",
      "phone": "+7-950-879-08-81",
      "dob": "1990-06-25",
      "gender": 1,
      "weight": 16,
      "age": 3,
      "raised_weight": "0.0",
      "wilkes": "0.00",
      "country": "\u0420\u043e\u0441\u0441\u0438\u044f",
      "region": "\u041a\u0443\u0440\u0441\u043a\u0430\u044f",
      "town": "\u041a\u0443\u0440\u0441\u043a",
      "team": 1,
      "trainer": "\u0420\u043e\u043c\u0430\u043d",
      "tournament": 3,
      "division": 1,
      "discipline": 7,
      "status": null,
      "is_active": false,
      "created": "2019-09-27",
      "updated": "2019-09-27"
   }
},
{
   "model": "sportsman.sportsman",
   "pk": 125,
   "fields": {
      "first_name": "\u0420\u043e\u043c\u0430\u043d",
      "last_name": "\u041a\u043e\u043d\u0441\u0442\u0430\u043d\u0442\u0438\u043d\u043e\u0432",
      "middle_name": "\u041f\u0430\u0432\u043b\u043e\u0432\u0438\u0447",
      "email": "aspirpd@gmail.com",
      "phone": "+7-950-879-08-81",
      "dob": "1990-06-25",
      "gender": 1,
      "weight": 16,
      "age": 3,
      "raised_weight": "0.0",
      "wilkes": "0.00",
      "country": "\u0420\u043e\u0441\u0441\u0438\u044f",
      "region": "\u041a\u0443\u0440\u0441\u043a\u0430\u044f",
      "town": "\u041a\u0443\u0440\u0441\u043a",
      "team": 1,
      "trainer": "\u0420\u043e\u043c\u0430\u043d",
      "tournament": 3,
      "division": 1,
      "discipline": 7,
      "status": null,
      "is_active": false,
      "created": "2019-09-27",
      "updated": "2019-09-27"
   }
},
{
   "model": "sportsman.sportsman",
   "pk": 126,
   "fields": {
      "first_name": "\u0420\u043e\u043c\u0430\u043d",
      "last_name": "\u041a\u043e\u043d\u0441\u0442\u0430\u043d\u0442\u0438\u043d\u043e\u0432",
      "middle_name": "\u041f\u0430\u0432\u043b\u043e\u0432\u0438\u0447",
      "email": "aspirpd@gmail.com",
      "phone": "+7-950-879-08-81",
      "dob": "1990-06-25",
      "gender": 1,
      "weight": 16,
      "age": 3,
      "raised_weight": "0.0",
      "wilkes": "0.00",
      "country": "\u0420\u043e\u0441\u0441\u0438\u044f",
      "region": "\u041a\u0443\u0440\u0441\u043a\u0430\u044f",
      "town": "\u041a\u0443\u0440\u0441\u043a",
      "team": 1,
      "trainer": "\u0420\u043e\u043c\u0430\u043d",
      "tournament": 3,
      "division": 1,
      "discipline": 7,
      "status": null,
      "is_active": false,
      "created": "2019-09-27",
      "updated": "2019-09-27"
   }
},
{
   "model": "sportsman.sportsman",
   "pk": 127,
   "fields": {
      "first_name": "\u0420\u043e\u043c\u0430\u043d",
      "last_name": "\u041a\u043e\u043d\u0441\u0442\u0430\u043d\u0442\u0438\u043d\u043e\u0432",
      "middle_name": "\u041f\u0430\u0432\u043b\u043e\u0432\u0438\u0447",
      "email": "aspirpd@gmail.com",
      "phone": "+7-950-879-08-81",
      "dob": "1990-06-25",
      "gender": 1,
      "weight": 16,
      "age": 3,
      "raised_weight": "0.0",
      "wilkes": "0.00",
      "country": "\u0420\u043e\u0441\u0441\u0438\u044f",
      "region": "\u041a\u0443\u0440\u0441\u043a\u0430\u044f",
      "town": "\u041a\u0443\u0440\u0441\u043a",
      "team": 1,
      "trainer": "\u0420\u043e\u043c\u0430\u043d",
      "tournament": 3,
      "division": 1,
      "discipline": 7,
      "status": null,
      "is_active": false,
      "created": "2019-09-27",
      "updated": "2019-09-27"
   }
},
{
   "model": "sportsman.sportsman",
   "pk": 128,
   "fields": {
      "first_name": "\u0420\u043e\u043c\u0430\u043d",
      "last_name": "\u041a\u043e\u043d\u0441\u0442\u0430\u043d\u0442\u0438\u043d\u043e\u0432",
      "middle_name": "\u041f\u0430\u0432\u043b\u043e\u0432\u0438\u0447",
      "email": "aspirpd@gmail.com",
      "phone": "+7-950-879-08-81",
      "dob": "1990-06-25",
      "gender": 1,
      "weight": 16,
      "age": 3,
      "raised_weight": "0.0",
      "wilkes": "0.00",
      "country": "\u0420\u043e\u0441\u0441\u0438\u044f",
      "region": "\u041a\u0443\u0440\u0441\u043a\u0430\u044f",
      "town": "\u041a\u0443\u0440\u0441\u043a",
      "team": 1,
      "trainer": "\u0420\u043e\u043c\u0430\u043d",
      "tournament": 3,
      "division": 1,
      "discipline": 7,
      "status": null,
      "is_active": false,
      "created": "2019-09-27",
      "updated": "2019-09-27"
   }
},
{
   "model": "sportsman.sportsman",
   "pk": 129,
   "fields": {
      "first_name": "\u0420\u043e\u043c\u0430\u043d",
      "last_name": "\u041a\u043e\u043d\u0441\u0442\u0430\u043d\u0442\u0438\u043d\u043e\u0432",
      "middle_name": "\u041f\u0430\u0432\u043b\u043e\u0432\u0438\u0447",
      "email": "aspirpd@gmail.com",
      "phone": "+7-950-879-08-81",
      "dob": "1990-06-25",
      "gender": 1,
      "weight": 16,
      "age": 3,
      "raised_weight": "0.0",
      "wilkes": "0.00",
      "country": "\u0420\u043e\u0441\u0441\u0438\u044f",
      "region": "\u041a\u0443\u0440\u0441\u043a\u0430\u044f",
      "town": "\u041a\u0443\u0440\u0441\u043a",
      "team": 1,
      "trainer": "\u0420\u043e\u043c\u0430\u043d",
      "tournament": 3,
      "division": 1,
      "discipline": 7,
      "status": null,
      "is_active": false,
      "created": "2019-09-27",
      "updated": "2019-09-27"
   }
},
{
   "model": "sportsman.sportsman",
   "pk": 130,
   "fields": {
      "first_name": "\u0420\u043e\u043c\u0430\u043d",
      "last_name": "\u041a\u043e\u043d\u0441\u0442\u0430\u043d\u0442\u0438\u043d\u043e\u0432",
      "middle_name": "\u041f\u0430\u0432\u043b\u043e\u0432\u0438\u0447",
      "email": "aspirpd@gmail.com",
      "phone": "+7-950-879-08-81",
      "dob": "1990-06-25",
      "gender": 1,
      "weight": 16,
      "age": 3,
      "raised_weight": "0.0",
      "wilkes": "0.00",
      "country": "\u0420\u043e\u0441\u0441\u0438\u044f",
      "region": "\u041a\u0443\u0440\u0441\u043a\u0430\u044f",
      "town": "\u041a\u0443\u0440\u0441\u043a",
      "team": 1,
      "trainer": "\u0420\u043e\u043c\u0430\u043d",
      "tournament": 3,
      "division": 1,
      "discipline": 7,
      "status": null,
      "is_active": false,
      "created": "2019-09-27",
      "updated": "2019-09-27"
   }
},
{
   "model": "sportsman.sportsman",
   "pk": 131,
   "fields": {
      "first_name": "\u0420\u043e\u043c\u0430\u043d",
      "last_name": "\u041a\u043e\u043d\u0441\u0442\u0430\u043d\u0442\u0438\u043d\u043e\u0432",
      "middle_name": "\u041f\u0430\u0432\u043b\u043e\u0432\u0438\u0447",
      "email": "aspirpd@gmail.com",
      "phone": "+7-950-879-08-81",
      "dob": "1990-06-25",
      "gender": 1,
      "weight": 20,
      "age": 3,
      "raised_weight": "0.0",
      "wilkes": "0.00",
      "country": "\u0420\u043e\u0441\u0441\u0438\u044f",
      "region": "\u041a\u0443\u0440\u0441\u043a\u0430\u044f",
      "town": "\u041a\u0443\u0440\u0441\u043a",
      "team": 1,
      "trainer": "\u0420\u043e\u043c\u0430\u043d",
      "tournament": 3,
      "division": 1,
      "discipline": 7,
      "status": null,
      "is_active": false,
      "created": "2019-09-27",
      "updated": "2019-09-27"
   }
},
{
   "model": "sportsman.sportsman",
   "pk": 132,
   "fields": {
      "first_name": "\u041f\u0430\u0432\u0435\u043b",
      "last_name": "\u0413\u0430\u0440\u0435\u0446",
      "middle_name": "\u0414\u043c\u0438\u0442\u0440\u0438\u0435\u0432\u0438\u0447",
      "email": "aspirpd@gmail.com",
      "phone": "+7-950-879-08-81",
      "dob": "1990-06-25",
      "gender": 1,
      "weight": 2,
      "age": 1,
      "raised_weight": "0.0",
      "wilkes": "0.00",
      "country": "\u0420\u043e\u0441\u0441\u0438\u044f",
      "region": "\u041a\u0443\u0440\u0441\u043a\u0430\u044f \u043e\u0431\u043b\u0430\u0441\u0442\u044c",
      "town": "\u041a\u0443\u0440\u0441\u043a",
      "team": 1,
      "trainer": "\u042b\u0424",
      "tournament": 3,
      "division": 2,
      "discipline": 1,
      "status": null,
      "is_active": false,
      "created": "2019-09-27",
      "updated": "2019-09-27"
   }
},
{
   "model": "sportsman.sportsman",
   "pk": 133,
   "fields": {
      "first_name": "\u0422\u0435\u0441\u0442",
      "last_name": "\u0422\u0435\u0441\u0442",
      "middle_name": "\u0422\u0435\u0441\u0442",
      "email": "aspirpd@gmail.com",
      "phone": "+7-950-879-08-81",
      "dob": "1990-06-25",
      "gender": 1,
      "weight": 14,
      "age": 3,
      "raised_weight": "0.0",
      "wilkes": "0.00",
      "country": "\u0422\u0435\u0441\u0442",
      "region": "\u0422\u0435\u0441\u0442",
      "town": "\u0422\u0435\u0441\u0442",
      "team": 1,
      "trainer": "\u0422\u0435\u0441\u0442",
      "tournament": 1,
      "division": 2,
      "discipline": 2,
      "status": null,
      "is_active": false,
      "created": "2019-10-17",
      "updated": "2019-10-17"
   }
},
{
   "model": "sportsman.sportsman",
   "pk": 134,
   "fields": {
      "first_name": "\u0420\u043e\u043c\u0430\u043d",
      "last_name": "\u041a\u043e\u043d\u0441\u0442\u0430\u043d\u0442\u0438\u043d\u043e\u0432",
      "middle_name": "\u041f\u0430\u0432\u043b\u043e\u0432\u0438\u0447",
      "email": "aspirpd@gmail.com",
      "phone": "+7-950-879-08-81",
      "dob": "1990-06-25",
      "gender": 1,
      "weight": 14,
      "age": 3,
      "raised_weight": "0.0",
      "wilkes": "0.00",
      "country": "\u0420\u043e\u0441\u0441\u0438\u044f",
      "region": "\u041a\u0443\u0440\u0441\u043a\u0430\u044f",
      "town": "\u041a\u0443\u0440\u0441\u043a",
      "team": 1,
      "trainer": "\u041a\u043e\u043d\u0441\u0442\u0430\u043d\u0442\u0438\u043d\u043e\u0432",
      "tournament": 3,
      "division": 1,
      "discipline": 1,
      "status": null,
      "is_active": false,
      "created": "2019-10-18",
      "updated": "2019-10-18"
   }
},
{
   "model": "sportsman.sportsman",
   "pk": 135,
   "fields": {
      "first_name": "\u041f\u0430\u0432\u0435\u043b",
      "last_name": "\u042d\u0445\u043e",
      "middle_name": "\u0414\u043c\u0438\u0442\u0440\u0438\u0435\u0432\u0438\u0447",
      "email": "aspirpd@gmail.com",
      "phone": "+7-950-879-08-81",
      "dob": "1990-06-25",
      "gender": 1,
      "weight": 14,
      "age": 3,
      "raised_weight": "0.0",
      "wilkes": "0.00",
      "country": "\u0420\u043e\u0441\u0441\u0438\u044f",
      "region": "\u041a\u0443\u0440\u0441\u043a\u0430\u044f",
      "town": "\u041a\u0443\u0440\u0441\u043a",
      "team": 1,
      "trainer": "\u041a\u043e\u043d\u0441\u0442\u0430\u043d\u0442\u0438\u043d\u043e\u0432",
      "tournament": 1,
      "division": 1,
      "discipline": 1,
      "status": null,
      "is_active": false,
      "created": "2019-10-24",
      "updated": "2019-10-24"
   }
},
{
   "model": "sportsman.sportsman",
   "pk": 136,
   "fields": {
      "first_name": "\u041f\u0430\u0432\u0435\u043b",
      "last_name": "\u0413\u0430\u0440\u0435\u0446",
      "middle_name": "\u0414\u043c\u0438\u0442\u0440\u0438\u0435\u0432\u0438\u0447",
      "email": "aspirpd@gmail.com",
      "phone": "+7-950-879-08-1",
      "dob": "1990-06-25",
      "gender": 1,
      "weight": 14,
      "age": 3,
      "raised_weight": "0.0",
      "wilkes": "0.00",
      "country": "\u0420\u043e\u0441\u0441\u0438\u044f",
      "region": "\u041a\u0443\u0440\u0441\u043a\u0430\u044f",
      "town": "\u041a\u0443\u0440\u0441\u043a",
      "team": null,
      "trainer": null,
      "tournament": 4,
      "division": 1,
      "discipline": 1,
      "status": null,
      "is_active": false,
      "created": "2019-10-24",
      "updated": "2019-10-24"
   }
},
{
   "model": "sportsman.sportsman",
   "pk": 137,
   "fields": {
      "first_name": "FDS",
      "last_name": "FDS",
      "middle_name": "FDS",
      "email": "aspirpd@gmail.com",
      "phone": "+7-532-532-55",
      "dob": "1990-06-25",
      "gender": 1,
      "weight": 2,
      "age": 1,
      "raised_weight": "0.0",
      "wilkes": "0.00",
      "country": "sdsad",
      "region": "sadsa",
      "town": "dsa",
      "team": 1,
      "trainer": "das",
      "tournament": 4,
      "division": 2,
      "discipline": 3,
      "status": null,
      "is_active": false,
      "created": "2019-10-26",
      "updated": "2019-10-26"
   }
},
{
   "model": "emails.emailtype",
   "pk": 1,
   "fields": {
      "name": "\u0423\u0432\u0435\u0434\u043e\u043c\u043b\u0435\u043d\u0438\u0435 \u0430\u0434\u043c\u0438\u043d\u0438\u0441\u0442\u0440\u0430\u0442\u043e\u0440\u0443",
      "is_active": true,
      "created": "2019-09-22",
      "updated": "2019-09-22"
   }
},
{
   "model": "emails.emailtype",
   "pk": 2,
   "fields": {
      "name": "\u0423\u0432\u0435\u0434\u043e\u043c\u043b\u0435\u043d\u0438\u0435 \u043a\u043b\u0438\u0435\u043d\u0442\u0443",
      "is_active": true,
      "created": "2019-09-22",
      "updated": "2019-09-22"
   }
},
{
   "model": "emails.emailsendingfact",
   "pk": 1,
   "fields": {
      "type": 1,
      "sportsman": 110,
      "email": "gfp.russ@gmail.com",
      "created": "2019-09-24",
      "updated": "2019-09-24"
   }
},
{
   "model": "emails.emailsendingfact",
   "pk": 2,
   "fields": {
      "type": 1,
      "sportsman": 110,
      "email": "gfp.russ@gmail.com",
      "created": "2019-09-24",
      "updated": "2019-09-24"
   }
},
{
   "model": "emails.emailsendingfact",
   "pk": 3,
   "fields": {
      "type": 1,
      "sportsman": 110,
      "email": "gfp.russ@gmail.com",
      "created": "2019-09-24",
      "updated": "2019-09-24"
   }
},
{
   "model": "emails.emailsendingfact",
   "pk": 4,
   "fields": {
      "type": 1,
      "sportsman": 110,
      "email": "gfp.russ@gmail.com",
      "created": "2019-09-24",
      "updated": "2019-09-24"
   }
},
{
   "model": "emails.emailsendingfact",
   "pk": 5,
   "fields": {
      "type": 1,
      "sportsman": 110,
      "email": "gfp.russ@gmail.com",
      "created": "2019-09-24",
      "updated": "2019-09-24"
   }
},
{
   "model": "emails.emailsendingfact",
   "pk": 6,
   "fields": {
      "type": 1,
      "sportsman": 110,
      "email": "gfp.russ@gmail.com",
      "created": "2019-09-24",
      "updated": "2019-09-24"
   }
},
{
   "model": "emails.emailsendingfact",
   "pk": 7,
   "fields": {
      "type": 1,
      "sportsman": 110,
      "email": "gfp.russ@gmail.com",
      "created": "2019-09-24",
      "updated": "2019-09-24"
   }
},
{
   "model": "emails.emailsendingfact",
   "pk": 8,
   "fields": {
      "type": 1,
      "sportsman": 110,
      "email": "gfp.russ@gmail.com",
      "created": "2019-09-24",
      "updated": "2019-09-24"
   }
},
{
   "model": "emails.emailsendingfact",
   "pk": 9,
   "fields": {
      "type": 1,
      "sportsman": 110,
      "email": "gfp.russ@gmail.com",
      "created": "2019-09-24",
      "updated": "2019-09-24"
   }
},
{
   "model": "emails.emailsendingfact",
   "pk": 10,
   "fields": {
      "type": 1,
      "sportsman": 110,
      "email": "gfp.russ@gmail.com",
      "created": "2019-09-24",
      "updated": "2019-09-24"
   }
},
{
   "model": "emails.emailsendingfact",
   "pk": 11,
   "fields": {
      "type": 1,
      "sportsman": 110,
      "email": "gfp.russ@gmail.com",
      "created": "2019-09-24",
      "updated": "2019-09-24"
   }
},
{
   "model": "emails.emailsendingfact",
   "pk": 12,
   "fields": {
      "type": 1,
      "sportsman": 110,
      "email": "gfp.russ@gmail.com",
      "created": "2019-09-24",
      "updated": "2019-09-24"
   }
},
{
   "model": "emails.emailsendingfact",
   "pk": 13,
   "fields": {
      "type": 1,
      "sportsman": 110,
      "email": "gfp.russ@gmail.com",
      "created": "2019-09-24",
      "updated": "2019-09-24"
   }
},
{
   "model": "emails.emailsendingfact",
   "pk": 14,
   "fields": {
      "type": 1,
      "sportsman": 110,
      "email": "gfp.russ@gmail.com",
      "created": "2019-09-24",
      "updated": "2019-09-24"
   }
},
{
   "model": "emails.emailsendingfact",
   "pk": 15,
   "fields": {
      "type": 1,
      "sportsman": 110,
      "email": "gfp.russ@gmail.com",
      "created": "2019-09-24",
      "updated": "2019-09-24"
   }
},
{
   "model": "emails.emailsendingfact",
   "pk": 16,
   "fields": {
      "type": 1,
      "sportsman": 110,
      "email": "gfp.russ@gmail.com",
      "created": "2019-09-25",
      "updated": "2019-09-25"
   }
},
{
   "model": "emails.emailsendingfact",
   "pk": 17,
   "fields": {
      "type": 1,
      "sportsman": 110,
      "email": "gfp.russ@gmail.com",
      "created": "2019-09-25",
      "updated": "2019-09-25"
   }
},
{
   "model": "emails.emailsendingfact",
   "pk": 18,
   "fields": {
      "type": 1,
      "sportsman": 110,
      "email": "gfp.russ@gmail.com",
      "created": "2019-09-25",
      "updated": "2019-09-25"
   }
},
{
   "model": "emails.emailsendingfact",
   "pk": 19,
   "fields": {
      "type": 1,
      "sportsman": null,
      "email": "gfp.russ@gmail.com",
      "created": "2019-09-25",
      "updated": "2019-09-25"
   }
},
{
   "model": "emails.emailsendingfact",
   "pk": 20,
   "fields": {
      "type": 1,
      "sportsman": null,
      "email": "gfp.russ@gmail.com",
      "created": "2019-09-25",
      "updated": "2019-09-25"
   }
},
{
   "model": "emails.emailsendingfact",
   "pk": 21,
   "fields": {
      "type": 1,
      "sportsman": 114,
      "email": "gfp.russ@gmail.com",
      "created": "2019-09-25",
      "updated": "2019-09-25"
   }
},
{
   "model": "emails.emailsendingfact",
   "pk": 22,
   "fields": {
      "type": 2,
      "sportsman": 114,
      "email": "aspirpd@gmail.com",
      "created": "2019-09-25",
      "updated": "2019-09-25"
   }
},
{
   "model": "emails.emailsendingfact",
   "pk": 23,
   "fields": {
      "type": 1,
      "sportsman": 116,
      "email": "gfp.russ@gmail.com",
      "created": "2019-09-25",
      "updated": "2019-09-25"
   }
},
{
   "model": "emails.emailsendingfact",
   "pk": 24,
   "fields": {
      "type": 2,
      "sportsman": 116,
      "email": "aspirpd@gmail.com",
      "created": "2019-09-25",
      "updated": "2019-09-25"
   }
},
{
   "model": "emails.emailsendingfact",
   "pk": 25,
   "fields": {
      "type": 1,
      "sportsman": 117,
      "email": "gfp.russ@gmail.com",
      "created": "2019-09-25",
      "updated": "2019-09-25"
   }
},
{
   "model": "emails.emailsendingfact",
   "pk": 26,
   "fields": {
      "type": 2,
      "sportsman": 117,
      "email": "aspirpd@gmail.com",
      "created": "2019-09-25",
      "updated": "2019-09-25"
   }
},
{
   "model": "emails.emailsendingfact",
   "pk": 27,
   "fields": {
      "type": 1,
      "sportsman": 118,
      "email": "gfp.russ@gmail.com",
      "created": "2019-09-25",
      "updated": "2019-09-25"
   }
},
{
   "model": "emails.emailsendingfact",
   "pk": 28,
   "fields": {
      "type": 2,
      "sportsman": 118,
      "email": "aspirpd@gmail.com",
      "created": "2019-09-25",
      "updated": "2019-09-25"
   }
},
{
   "model": "emails.emailsendingfact",
   "pk": 29,
   "fields": {
      "type": 1,
      "sportsman": 119,
      "email": "gfp.russ@gmail.com",
      "created": "2019-09-25",
      "updated": "2019-09-25"
   }
},
{
   "model": "emails.emailsendingfact",
   "pk": 30,
   "fields": {
      "type": 2,
      "sportsman": 119,
      "email": "aspirpd@gmail.com",
      "created": "2019-09-25",
      "updated": "2019-09-25"
   }
},
{
   "model": "emails.emailsendingfact",
   "pk": 31,
   "fields": {
      "type": 1,
      "sportsman": 120,
      "email": "gfp.russ@gmail.com",
      "created": "2019-09-25",
      "updated": "2019-09-25"
   }
},
{
   "model": "emails.emailsendingfact",
   "pk": 32,
   "fields": {
      "type": 2,
      "sportsman": 120,
      "email": "aspirpd@gmail.com",
      "created": "2019-09-25",
      "updated": "2019-09-25"
   }
},
{
   "model": "emails.emailsendingfact",
   "pk": 33,
   "fields": {
      "type": 1,
      "sportsman": 121,
      "email": "gfp.russ@gmail.com",
      "created": "2019-09-27",
      "updated": "2019-09-27"
   }
},
{
   "model": "emails.emailsendingfact",
   "pk": 34,
   "fields": {
      "type": 2,
      "sportsman": 121,
      "email": "aspirpd@gmail.com",
      "created": "2019-09-27",
      "updated": "2019-09-27"
   }
},
{
   "model": "emails.emailsendingfact",
   "pk": 35,
   "fields": {
      "type": 1,
      "sportsman": 122,
      "email": "gfp.russ@gmail.com",
      "created": "2019-09-27",
      "updated": "2019-09-27"
   }
},
{
   "model": "emails.emailsendingfact",
   "pk": 36,
   "fields": {
      "type": 2,
      "sportsman": 122,
      "email": "aspirpd@gmail.com",
      "created": "2019-09-27",
      "updated": "2019-09-27"
   }
},
{
   "model": "emails.emailsendingfact",
   "pk": 37,
   "fields": {
      "type": 1,
      "sportsman": 123,
      "email": "gfp.russ@gmail.com",
      "created": "2019-09-27",
      "updated": "2019-09-27"
   }
},
{
   "model": "emails.emailsendingfact",
   "pk": 38,
   "fields": {
      "type": 2,
      "sportsman": 123,
      "email": "aspirpd@gmail.com",
      "created": "2019-09-27",
      "updated": "2019-09-27"
   }
},
{
   "model": "emails.emailsendingfact",
   "pk": 39,
   "fields": {
      "type": 1,
      "sportsman": 124,
      "email": "gfp.russ@gmail.com",
      "created": "2019-09-27",
      "updated": "2019-09-27"
   }
},
{
   "model": "emails.emailsendingfact",
   "pk": 40,
   "fields": {
      "type": 2,
      "sportsman": 124,
      "email": "aspirpd@gmail.com",
      "created": "2019-09-27",
      "updated": "2019-09-27"
   }
},
{
   "model": "emails.emailsendingfact",
   "pk": 41,
   "fields": {
      "type": 1,
      "sportsman": 125,
      "email": "gfp.russ@gmail.com",
      "created": "2019-09-27",
      "updated": "2019-09-27"
   }
},
{
   "model": "emails.emailsendingfact",
   "pk": 42,
   "fields": {
      "type": 2,
      "sportsman": 125,
      "email": "aspirpd@gmail.com",
      "created": "2019-09-27",
      "updated": "2019-09-27"
   }
},
{
   "model": "emails.emailsendingfact",
   "pk": 43,
   "fields": {
      "type": 1,
      "sportsman": 126,
      "email": "gfp.russ@gmail.com",
      "created": "2019-09-27",
      "updated": "2019-09-27"
   }
},
{
   "model": "emails.emailsendingfact",
   "pk": 44,
   "fields": {
      "type": 2,
      "sportsman": 126,
      "email": "aspirpd@gmail.com",
      "created": "2019-09-27",
      "updated": "2019-09-27"
   }
},
{
   "model": "emails.emailsendingfact",
   "pk": 45,
   "fields": {
      "type": 1,
      "sportsman": 127,
      "email": "gfp.russ@gmail.com",
      "created": "2019-09-27",
      "updated": "2019-09-27"
   }
},
{
   "model": "emails.emailsendingfact",
   "pk": 46,
   "fields": {
      "type": 2,
      "sportsman": 127,
      "email": "aspirpd@gmail.com",
      "created": "2019-09-27",
      "updated": "2019-09-27"
   }
},
{
   "model": "emails.emailsendingfact",
   "pk": 47,
   "fields": {
      "type": 1,
      "sportsman": 128,
      "email": "gfp.russ@gmail.com",
      "created": "2019-09-27",
      "updated": "2019-09-27"
   }
},
{
   "model": "emails.emailsendingfact",
   "pk": 48,
   "fields": {
      "type": 2,
      "sportsman": 128,
      "email": "aspirpd@gmail.com",
      "created": "2019-09-27",
      "updated": "2019-09-27"
   }
},
{
   "model": "emails.emailsendingfact",
   "pk": 49,
   "fields": {
      "type": 1,
      "sportsman": 129,
      "email": "gfp.russ@gmail.com",
      "created": "2019-09-27",
      "updated": "2019-09-27"
   }
},
{
   "model": "emails.emailsendingfact",
   "pk": 50,
   "fields": {
      "type": 2,
      "sportsman": 129,
      "email": "aspirpd@gmail.com",
      "created": "2019-09-27",
      "updated": "2019-09-27"
   }
},
{
   "model": "emails.emailsendingfact",
   "pk": 51,
   "fields": {
      "type": 1,
      "sportsman": 130,
      "email": "gfp.russ@gmail.com",
      "created": "2019-09-27",
      "updated": "2019-09-27"
   }
},
{
   "model": "emails.emailsendingfact",
   "pk": 52,
   "fields": {
      "type": 2,
      "sportsman": 130,
      "email": "aspirpd@gmail.com",
      "created": "2019-09-27",
      "updated": "2019-09-27"
   }
},
{
   "model": "emails.emailsendingfact",
   "pk": 53,
   "fields": {
      "type": 1,
      "sportsman": 131,
      "email": "gfp.russ@gmail.com",
      "created": "2019-09-27",
      "updated": "2019-09-27"
   }
},
{
   "model": "emails.emailsendingfact",
   "pk": 54,
   "fields": {
      "type": 2,
      "sportsman": 131,
      "email": "aspirpd@gmail.com",
      "created": "2019-09-27",
      "updated": "2019-09-27"
   }
},
{
   "model": "emails.emailsendingfact",
   "pk": 55,
   "fields": {
      "type": 1,
      "sportsman": 132,
      "email": "gfp.russ@gmail.com",
      "created": "2019-09-27",
      "updated": "2019-09-27"
   }
},
{
   "model": "emails.emailsendingfact",
   "pk": 56,
   "fields": {
      "type": 2,
      "sportsman": 132,
      "email": "aspirpd@gmail.com",
      "created": "2019-09-27",
      "updated": "2019-09-27"
   }
},
{
   "model": "emails.emailsendingfact",
   "pk": 57,
   "fields": {
      "type": 1,
      "sportsman": 133,
      "email": "gfp.russ@gmail.com",
      "created": "2019-10-17",
      "updated": "2019-10-17"
   }
},
{
   "model": "emails.emailsendingfact",
   "pk": 58,
   "fields": {
      "type": 2,
      "sportsman": 133,
      "email": "aspirpd@gmail.com",
      "created": "2019-10-17",
      "updated": "2019-10-17"
   }
},
{
   "model": "emails.emailsendingfact",
   "pk": 59,
   "fields": {
      "type": 1,
      "sportsman": 134,
      "email": "gfp.russ@gmail.com",
      "created": "2019-10-18",
      "updated": "2019-10-18"
   }
},
{
   "model": "emails.emailsendingfact",
   "pk": 60,
   "fields": {
      "type": 2,
      "sportsman": 134,
      "email": "aspirpd@gmail.com",
      "created": "2019-10-18",
      "updated": "2019-10-18"
   }
},
{
   "model": "emails.emailsendingfact",
   "pk": 61,
   "fields": {
      "type": 1,
      "sportsman": 135,
      "email": "gfp.russ@gmail.com",
      "created": "2019-10-24",
      "updated": "2019-10-24"
   }
},
{
   "model": "emails.emailsendingfact",
   "pk": 62,
   "fields": {
      "type": 2,
      "sportsman": 135,
      "email": "aspirpd@gmail.com",
      "created": "2019-10-24",
      "updated": "2019-10-24"
   }
},
{
   "model": "emails.emailsendingfact",
   "pk": 63,
   "fields": {
      "type": 1,
      "sportsman": 137,
      "email": "gfp.russ@gmail.com",
      "created": "2019-10-26",
      "updated": "2019-10-26"
   }
},
{
   "model": "emails.emailsendingfact",
   "pk": 64,
   "fields": {
      "type": 2,
      "sportsman": 137,
      "email": "aspirpd@gmail.com",
      "created": "2019-10-26",
      "updated": "2019-10-26"
   }
},
{
   "model": "guide.guidestatus",
   "pk": 1,
   "fields": {
      "name": "\u041f\u0440\u0435\u0437\u0438\u0434\u0435\u043d\u0442 Global Federation of Powerlifting",
      "is_active": true,
      "created": "2019-10-30T20:33:13.133Z",
      "updated": "2019-10-30T20:33:13.133Z"
   }
},
{
   "model": "guide.guidestatus",
   "pk": 2,
   "fields": {
      "name": "\u0412\u0438\u0446\u0435-\u043f\u0440\u0435\u0437\u0438\u0434\u0435\u043d\u0442 Global Federation of Powerlifting",
      "is_active": true,
      "created": "2019-10-30T20:43:06.486Z",
      "updated": "2019-10-30T20:43:06.486Z"
   }
},
{
   "model": "guide.guidestatus",
   "pk": 3,
   "fields": {
      "name": "\u0420\u0443\u043a\u043e\u0432\u043e\u0434\u0438\u0442\u0435\u043b\u044c \u0441\u0443\u0434\u0435\u0439\u0441\u043a\u0438\u043c \u043a\u043e\u0440\u043f\u0443\u0441\u043e\u043c",
      "is_active": true,
      "created": "2019-10-30T20:47:32.449Z",
      "updated": "2019-10-30T20:47:32.449Z"
   }
},
{
   "model": "guide.guidestatus",
   "pk": 4,
   "fields": {
      "name": "\u0420\u0443\u043a\u043e\u0432\u043e\u0434\u0438\u0442\u0435\u043b\u044c \u043a\u043e\u0440\u043f\u0443\u0441\u0430 \u0430\u0441\u0441\u0438\u0441\u0442\u0435\u043d\u0442\u043e\u0432",
      "is_active": true,
      "created": "2019-10-30T20:49:51.837Z",
      "updated": "2019-10-30T20:49:51.837Z"
   }
},
{
   "model": "guide.guidestatus",
   "pk": 5,
   "fields": {
      "name": "\u041d\u0435\u0442 \u0441\u0442\u0430\u0442\u0443\u0441\u0430",
      "is_active": true,
      "created": "2019-10-30T20:58:29.499Z",
      "updated": "2019-10-30T20:58:29.499Z"
   }
},
{
   "model": "guide.guide",
   "pk": 1,
   "fields": {
      "first_name": "\u0420\u043e\u043c\u0430\u043d",
      "last_name": "\u041a\u043e\u043d\u0441\u0442\u0430\u043d\u0442\u0438\u043d\u043e\u0432",
      "email": "konstantinov-r@yandex.ru",
      "phone": "89611917111",
      "dob": "1984-03-26",
      "country": "\u0420\u043e\u0441\u0441\u0438\u044f",
      "town": "\u041a\u0443\u0440\u0441\u043a",
      "description": "\u041f\u0440\u0435\u0437\u0438\u0434\u0435\u043d\u0442 Global Federation of Powerlifting",
      "status": 1,
      "vk": "https://vk.com/id359911422",
      "instagram": "https://www.instagram.com/konstantinov_gfp/",
      "twitter": "",
      "facebook": "",
      "is_active": true,
      "created": "2019-10-30T20:41:55.014Z",
      "updated": "2019-10-30T20:41:55.014Z"
   }
},
{
   "model": "guide.guide",
   "pk": 2,
   "fields": {
      "first_name": "\u0415\u043a\u0430\u0442\u0435\u0440\u0438\u043d\u0430",
      "last_name": "\u0416\u0438\u0433\u0443\u043b\u0438\u043d\u0430",
      "email": "info@gfp-russia.ru",
      "phone": "89038701401",
      "dob": "2019-10-30",
      "country": "\u0420\u043e\u0441\u0441\u0438\u044f",
      "town": "\u041a\u0443\u0440\u0441\u043a",
      "description": "\u0412\u0438\u0446\u0435-\u043f\u0440\u0435\u0437\u0438\u0434\u0435\u043d\u0442 Global Federation of Powerlifting, \u0441\u0443\u0434\u044c\u044f \u043c\u0435\u0436\u0434\u0443\u043d\u0430\u0440\u043e\u0434\u043d\u043e\u0439 \u043a\u0430\u0442\u0435\u0433\u043e\u0440\u0438\u0438",
      "status": 2,
      "vk": "https://vk.com/poweruniversal",
      "instagram": "https://www.instagram.com/vselennaia_sili/",
      "twitter": "",
      "facebook": "",
      "is_active": true,
      "created": "2019-10-30T20:45:38.096Z",
      "updated": "2019-10-30T20:45:38.096Z"
   }
},
{
   "model": "guide.guide",
   "pk": 3,
   "fields": {
      "first_name": "\u0410\u043b\u0435\u043a\u0441\u0435\u0439",
      "last_name": "\u0414\u043e\u0440\u043e\u0445\u0438\u043d",
      "email": "dorokhinalexsey@gmail.com",
      "phone": "89996071002",
      "dob": "2019-10-30",
      "country": "\u0420\u043e\u0441\u0441\u0438\u044f",
      "town": "\u041a\u0443\u0440\u0441\u043a",
      "description": "\u0420\u0443\u043a\u043e\u0432\u043e\u0434\u0438\u0442\u0435\u043b\u044c \u0441\u0443\u0434\u0435\u0439\u0441\u043a\u0438\u043c \u043a\u043e\u0440\u043f\u0443\u0441\u043e\u043c, \u0441\u0443\u0434\u044c\u044f \u043c\u0435\u0436\u0434\u0443\u043d\u0430\u0440\u043e\u0434\u043d\u043e\u0439 \u043a\u0430\u0442\u0435\u0433\u043e\u0440\u0438\u0438",
      "status": 3,
      "vk": "https://vk.com/id45532382",
      "instagram": "",
      "twitter": "",
      "facebook": "",
      "is_active": true,
      "created": "2019-10-30T20:49:07.979Z",
      "updated": "2019-10-30T20:49:07.979Z"
   }
},
{
   "model": "guide.guide",
   "pk": 4,
   "fields": {
      "first_name": "\u0415\u0432\u0433\u0435\u043d\u0438\u0439",
      "last_name": "\u0411\u043e\u043d\u0434\u0430\u0440\u0435\u0432",
      "email": "bondorev.jeka@yandex.ru",
      "phone": "89996056463",
      "dob": "2019-10-30",
      "country": "\u0420\u043e\u0441\u0441\u0438\u044f",
      "town": "\u041a\u0443\u0440\u0441\u043a",
      "description": "\u0420\u0443\u043a\u043e\u0432\u043e\u0434\u0438\u0442\u0435\u043b\u044c \u043a\u043e\u0440\u043f\u0443\u0441\u0430 \u0430\u0441\u0441\u0438\u0441\u0442\u0435\u043d\u0442\u043e\u0432, \u0441\u0443\u0434\u044c\u044f \u0440\u0435\u0433\u0438\u043e\u043d\u0430\u043b\u044c\u043d\u043e\u0439 \u043a\u0430\u0442\u0435\u0433\u043e\u0440\u0438\u0438.",
      "status": 4,
      "vk": "https://vk.com/jen46",
      "instagram": "",
      "twitter": "",
      "facebook": "",
      "is_active": true,
      "created": "2019-10-30T20:52:47.478Z",
      "updated": "2019-10-30T20:52:47.478Z"
   }
},
{
   "model": "guide.guide",
   "pk": 5,
   "fields": {
      "first_name": "\u0410\u043d\u0430\u0441\u0442\u0430\u0441\u0438\u044f",
      "last_name": "\u0422\u0438\u0445\u043e\u043c\u0438\u0440\u043e\u0432\u0430",
      "email": null,
      "phone": null,
      "dob": "2019-10-30",
      "country": "\u0420\u043e\u0441\u0441\u0438\u044f",
      "town": "\u041a\u0443\u0440\u0441\u043a",
      "description": "\u0421\u0443\u0434\u044c\u044f \u0440\u0435\u0433\u0438\u043e\u043d\u0430\u043b\u044c\u043d\u043e\u0439 \u043a\u0430\u0442\u0435\u0433\u043e\u0440\u0438\u0438",
      "status": 5,
      "vk": "",
      "instagram": "https://www.instagram.com/asya_dance_19/",
      "twitter": "",
      "facebook": "",
      "is_active": true,
      "created": "2019-10-30T20:58:38.618Z",
      "updated": "2019-10-30T20:58:38.618Z"
   }
},
{
   "model": "guide.guideimage",
   "pk": 1,
   "fields": {
      "guide": 1,
      "image": "guide_images/konstantinov.jpg",
      "is_main": true,
      "is_active": true,
      "created": "2019-10-30T20:41:55.281Z",
      "updated": "2019-10-30T20:41:55.281Z"
   }
},
{
   "model": "guide.guideimage",
   "pk": 2,
   "fields": {
      "guide": 2,
      "image": "guide_images/zhigulina.jpg",
      "is_main": false,
      "is_active": true,
      "created": "2019-10-30T20:45:38.111Z",
      "updated": "2019-10-30T20:45:38.111Z"
   }
},
{
   "model": "guide.guideimage",
   "pk": 3,
   "fields": {
      "guide": 3,
      "image": "guide_images/dorohin.jpg",
      "is_main": false,
      "is_active": true,
      "created": "2019-10-30T20:49:07.992Z",
      "updated": "2019-10-30T20:49:07.992Z"
   }
},
{
   "model": "guide.guideimage",
   "pk": 4,
   "fields": {
      "guide": 4,
      "image": "guide_images/bondarev.jpg",
      "is_main": false,
      "is_active": true,
      "created": "2019-10-30T20:52:47.491Z",
      "updated": "2019-10-30T20:52:47.491Z"
   }
},
{
   "model": "guide.guideimage",
   "pk": 5,
   "fields": {
      "guide": 5,
      "image": "guide_images/tihomirova.jpg",
      "is_main": false,
      "is_active": true,
      "created": "2019-10-30T20:58:38.631Z",
      "updated": "2019-10-30T20:58:38.631Z"
   }
},
{
   "model": "guide.guideimage",
   "pk": 6,
   "fields": {
      "guide": 2,
      "image": "guide_images/zhigulina_yzKFHUP.jpg",
      "is_main": true,
      "is_active": true,
      "created": "2019-10-30T23:27:29.919Z",
      "updated": "2019-10-30T23:27:29.919Z"
   }
},
{
   "model": "guide.guideimage",
   "pk": 7,
   "fields": {
      "guide": 3,
      "image": "guide_images/dorohin_h5rRaPP.jpg",
      "is_main": true,
      "is_active": true,
      "created": "2019-10-30T23:28:35.918Z",
      "updated": "2019-10-30T23:28:35.918Z"
   }
},
{
   "model": "guide.guideimage",
   "pk": 8,
   "fields": {
      "guide": 4,
      "image": "guide_images/bondarev_Io2iwKs.jpg",
      "is_main": false,
      "is_active": true,
      "created": "2019-10-30T23:28:50.115Z",
      "updated": "2019-10-30T23:28:50.115Z"
   }
},
{
   "model": "guide.guideimage",
   "pk": 9,
   "fields": {
      "guide": 5,
      "image": "guide_images/tihomirova_FJjK6T0.jpg",
      "is_main": true,
      "is_active": true,
      "created": "2019-10-30T23:29:03.775Z",
      "updated": "2019-10-30T23:29:03.775Z"
   }
},
{
   "model": "regional_representation.regionalstatus",
   "pk": 1,
   "fields": {
      "name": "\u0414\u0435\u0439\u0441\u0442\u0432\u0443\u044e\u0449\u0438\u0439",
      "is_active": true,
      "created": "2019-11-01T16:27:23.547Z",
      "updated": "2019-11-01T16:27:23.547Z"
   }
},
{
   "model": "regional_representation.regional",
   "pk": 1,
   "fields": {
      "first_name": "\u0420\u043e\u043c\u0430\u043d",
      "last_name": "\u041a\u043e\u043d\u0441\u0442\u0430\u043d\u0442\u0438\u043d\u043e\u0432",
      "middle_name": "\u041f\u0430\u0432\u043b\u043e\u0432\u0438\u0447",
      "email": "konstantinov-r@yandex.ru",
      "phone": "89611917111",
      "dob": "1984-03-26",
      "status": 1,
      "is_active": true,
      "created": "2019-11-01T16:26:26Z",
      "updated": "2019-11-01T16:26:26Z"
   }
},
{
   "model": "regional_representation.regional",
   "pk": 2,
   "fields": {
      "first_name": "\u041f\u0430\u0432\u0435\u043b",
      "last_name": "\u042d\u0445\u043e",
      "middle_name": "\u0414\u043c\u0438\u0442\u0440\u0438\u0435\u0432\u0438\u0447",
      "email": "aspirpd@gmail.com",
      "phone": "+7-950-879-08-81",
      "dob": "1990-06-25",
      "status": 1,
      "is_active": false,
      "created": "2019-11-01T16:31:06.393Z",
      "updated": "2019-11-01T16:31:06.393Z"
   }
},
{
   "model": "auth.permission",
   "pk": 1,
   "fields": {
      "name": "Can add log entry",
      "content_type": 1,
      "codename": "add_logentry"
   }
},
{
   "model": "auth.permission",
   "pk": 2,
   "fields": {
      "name": "Can change log entry",
      "content_type": 1,
      "codename": "change_logentry"
   }
},
{
   "model": "auth.permission",
   "pk": 3,
   "fields": {
      "name": "Can delete log entry",
      "content_type": 1,
      "codename": "delete_logentry"
   }
},
{
   "model": "auth.permission",
   "pk": 4,
   "fields": {
      "name": "Can view log entry",
      "content_type": 1,
      "codename": "view_logentry"
   }
},
{
   "model": "auth.permission",
   "pk": 5,
   "fields": {
      "name": "Can add permission",
      "content_type": 2,
      "codename": "add_permission"
   }
},
{
   "model": "auth.permission",
   "pk": 6,
   "fields": {
      "name": "Can change permission",
      "content_type": 2,
      "codename": "change_permission"
   }
},
{
   "model": "auth.permission",
   "pk": 7,
   "fields": {
      "name": "Can delete permission",
      "content_type": 2,
      "codename": "delete_permission"
   }
},
{
   "model": "auth.permission",
   "pk": 8,
   "fields": {
      "name": "Can view permission",
      "content_type": 2,
      "codename": "view_permission"
   }
},
{
   "model": "auth.permission",
   "pk": 9,
   "fields": {
      "name": "Can add group",
      "content_type": 3,
      "codename": "add_group"
   }
},
{
   "model": "auth.permission",
   "pk": 10,
   "fields": {
      "name": "Can change group",
      "content_type": 3,
      "codename": "change_group"
   }
},
{
   "model": "auth.permission",
   "pk": 11,
   "fields": {
      "name": "Can delete group",
      "content_type": 3,
      "codename": "delete_group"
   }
},
{
   "model": "auth.permission",
   "pk": 12,
   "fields": {
      "name": "Can view group",
      "content_type": 3,
      "codename": "view_group"
   }
},
{
   "model": "auth.permission",
   "pk": 13,
   "fields": {
      "name": "Can add user",
      "content_type": 4,
      "codename": "add_user"
   }
},
{
   "model": "auth.permission",
   "pk": 14,
   "fields": {
      "name": "Can change user",
      "content_type": 4,
      "codename": "change_user"
   }
},
{
   "model": "auth.permission",
   "pk": 15,
   "fields": {
      "name": "Can delete user",
      "content_type": 4,
      "codename": "delete_user"
   }
},
{
   "model": "auth.permission",
   "pk": 16,
   "fields": {
      "name": "Can view user",
      "content_type": 4,
      "codename": "view_user"
   }
},
{
   "model": "auth.permission",
   "pk": 17,
   "fields": {
      "name": "Can add content type",
      "content_type": 5,
      "codename": "add_contenttype"
   }
},
{
   "model": "auth.permission",
   "pk": 18,
   "fields": {
      "name": "Can change content type",
      "content_type": 5,
      "codename": "change_contenttype"
   }
},
{
   "model": "auth.permission",
   "pk": 19,
   "fields": {
      "name": "Can delete content type",
      "content_type": 5,
      "codename": "delete_contenttype"
   }
},
{
   "model": "auth.permission",
   "pk": 20,
   "fields": {
      "name": "Can view content type",
      "content_type": 5,
      "codename": "view_contenttype"
   }
},
{
   "model": "auth.permission",
   "pk": 21,
   "fields": {
      "name": "Can add session",
      "content_type": 6,
      "codename": "add_session"
   }
},
{
   "model": "auth.permission",
   "pk": 22,
   "fields": {
      "name": "Can change session",
      "content_type": 6,
      "codename": "change_session"
   }
},
{
   "model": "auth.permission",
   "pk": 23,
   "fields": {
      "name": "Can delete session",
      "content_type": 6,
      "codename": "delete_session"
   }
},
{
   "model": "auth.permission",
   "pk": 24,
   "fields": {
      "name": "Can view session",
      "content_type": 6,
      "codename": "view_session"
   }
},
{
   "model": "auth.permission",
   "pk": 25,
   "fields": {
      "name": "Can add \u0422\u0443\u0440\u043d\u0438\u0440",
      "content_type": 7,
      "codename": "add_tournament"
   }
},
{
   "model": "auth.permission",
   "pk": 26,
   "fields": {
      "name": "Can change \u0422\u0443\u0440\u043d\u0438\u0440",
      "content_type": 7,
      "codename": "change_tournament"
   }
},
{
   "model": "auth.permission",
   "pk": 27,
   "fields": {
      "name": "Can delete \u0422\u0443\u0440\u043d\u0438\u0440",
      "content_type": 7,
      "codename": "delete_tournament"
   }
},
{
   "model": "auth.permission",
   "pk": 28,
   "fields": {
      "name": "Can view \u0422\u0443\u0440\u043d\u0438\u0440",
      "content_type": 7,
      "codename": "view_tournament"
   }
},
{
   "model": "auth.permission",
   "pk": 29,
   "fields": {
      "name": "Can add \u0421\u0442\u0430\u0442\u0443\u0441 \u0442\u0443\u0440\u043d\u0438\u0440\u0430",
      "content_type": 8,
      "codename": "add_tournamentstatus"
   }
},
{
   "model": "auth.permission",
   "pk": 30,
   "fields": {
      "name": "Can change \u0421\u0442\u0430\u0442\u0443\u0441 \u0442\u0443\u0440\u043d\u0438\u0440\u0430",
      "content_type": 8,
      "codename": "change_tournamentstatus"
   }
},
{
   "model": "auth.permission",
   "pk": 31,
   "fields": {
      "name": "Can delete \u0421\u0442\u0430\u0442\u0443\u0441 \u0442\u0443\u0440\u043d\u0438\u0440\u0430",
      "content_type": 8,
      "codename": "delete_tournamentstatus"
   }
},
{
   "model": "auth.permission",
   "pk": 32,
   "fields": {
      "name": "Can view \u0421\u0442\u0430\u0442\u0443\u0441 \u0442\u0443\u0440\u043d\u0438\u0440\u0430",
      "content_type": 8,
      "codename": "view_tournamentstatus"
   }
},
{
   "model": "auth.permission",
   "pk": 33,
   "fields": {
      "name": "Can add \u0424\u043e\u0442\u043e\u0433\u0440\u0430\u0444\u0438\u044f \u0442\u0443\u0440\u043d\u0438\u0440\u0430",
      "content_type": 9,
      "codename": "add_tournamentimage"
   }
},
{
   "model": "auth.permission",
   "pk": 34,
   "fields": {
      "name": "Can change \u0424\u043e\u0442\u043e\u0433\u0440\u0430\u0444\u0438\u044f \u0442\u0443\u0440\u043d\u0438\u0440\u0430",
      "content_type": 9,
      "codename": "change_tournamentimage"
   }
},
{
   "model": "auth.permission",
   "pk": 35,
   "fields": {
      "name": "Can delete \u0424\u043e\u0442\u043e\u0433\u0440\u0430\u0444\u0438\u044f \u0442\u0443\u0440\u043d\u0438\u0440\u0430",
      "content_type": 9,
      "codename": "delete_tournamentimage"
   }
},
{
   "model": "auth.permission",
   "pk": 36,
   "fields": {
      "name": "Can view \u0424\u043e\u0442\u043e\u0433\u0440\u0430\u0444\u0438\u044f \u0442\u0443\u0440\u043d\u0438\u0440\u0430",
      "content_type": 9,
      "codename": "view_tournamentimage"
   }
},
{
   "model": "auth.permission",
   "pk": 37,
   "fields": {
      "name": "Can add \u0424\u043e\u0442\u043e\u0433\u0440\u0430\u0444\u0438\u044f \u043a\u043b\u0438\u0435\u043d\u0442\u0430",
      "content_type": 10,
      "codename": "add_reviewimage"
   }
},
{
   "model": "auth.permission",
   "pk": 38,
   "fields": {
      "name": "Can change \u0424\u043e\u0442\u043e\u0433\u0440\u0430\u0444\u0438\u044f \u043a\u043b\u0438\u0435\u043d\u0442\u0430",
      "content_type": 10,
      "codename": "change_reviewimage"
   }
},
{
   "model": "auth.permission",
   "pk": 39,
   "fields": {
      "name": "Can delete \u0424\u043e\u0442\u043e\u0433\u0440\u0430\u0444\u0438\u044f \u043a\u043b\u0438\u0435\u043d\u0442\u0430",
      "content_type": 10,
      "codename": "delete_reviewimage"
   }
},
{
   "model": "auth.permission",
   "pk": 40,
   "fields": {
      "name": "Can view \u0424\u043e\u0442\u043e\u0433\u0440\u0430\u0444\u0438\u044f \u043a\u043b\u0438\u0435\u043d\u0442\u0430",
      "content_type": 10,
      "codename": "view_reviewimage"
   }
},
{
   "model": "auth.permission",
   "pk": 41,
   "fields": {
      "name": "Can add \u041e\u0442\u0437\u044b\u0432",
      "content_type": 11,
      "codename": "add_review"
   }
},
{
   "model": "auth.permission",
   "pk": 42,
   "fields": {
      "name": "Can change \u041e\u0442\u0437\u044b\u0432",
      "content_type": 11,
      "codename": "change_review"
   }
},
{
   "model": "auth.permission",
   "pk": 43,
   "fields": {
      "name": "Can delete \u041e\u0442\u0437\u044b\u0432",
      "content_type": 11,
      "codename": "delete_review"
   }
},
{
   "model": "auth.permission",
   "pk": 44,
   "fields": {
      "name": "Can view \u041e\u0442\u0437\u044b\u0432",
      "content_type": 11,
      "codename": "view_review"
   }
},
{
   "model": "auth.permission",
   "pk": 45,
   "fields": {
      "name": "Can add \u041f\u043e\u0434\u043f\u0438\u0441\u0447\u0438\u043a",
      "content_type": 12,
      "codename": "add_subscriber"
   }
},
{
   "model": "auth.permission",
   "pk": 46,
   "fields": {
      "name": "Can change \u041f\u043e\u0434\u043f\u0438\u0441\u0447\u0438\u043a",
      "content_type": 12,
      "codename": "change_subscriber"
   }
},
{
   "model": "auth.permission",
   "pk": 47,
   "fields": {
      "name": "Can delete \u041f\u043e\u0434\u043f\u0438\u0441\u0447\u0438\u043a",
      "content_type": 12,
      "codename": "delete_subscriber"
   }
},
{
   "model": "auth.permission",
   "pk": 48,
   "fields": {
      "name": "Can view \u041f\u043e\u0434\u043f\u0438\u0441\u0447\u0438\u043a",
      "content_type": 12,
      "codename": "view_subscriber"
   }
},
{
   "model": "auth.permission",
   "pk": 49,
   "fields": {
      "name": "Can add \u0422\u0440\u0430\u043d\u0441\u043b\u044f\u0446\u0438\u044f \u0441\u043e\u0440\u0435\u0432\u043d\u043e\u0432\u0430\u043d\u0438\u044f",
      "content_type": 13,
      "codename": "add_broadcast"
   }
},
{
   "model": "auth.permission",
   "pk": 50,
   "fields": {
      "name": "Can change \u0422\u0440\u0430\u043d\u0441\u043b\u044f\u0446\u0438\u044f \u0441\u043e\u0440\u0435\u0432\u043d\u043e\u0432\u0430\u043d\u0438\u044f",
      "content_type": 13,
      "codename": "change_broadcast"
   }
},
{
   "model": "auth.permission",
   "pk": 51,
   "fields": {
      "name": "Can delete \u0422\u0440\u0430\u043d\u0441\u043b\u044f\u0446\u0438\u044f \u0441\u043e\u0440\u0435\u0432\u043d\u043e\u0432\u0430\u043d\u0438\u044f",
      "content_type": 13,
      "codename": "delete_broadcast"
   }
},
{
   "model": "auth.permission",
   "pk": 52,
   "fields": {
      "name": "Can view \u0422\u0440\u0430\u043d\u0441\u043b\u044f\u0446\u0438\u044f \u0441\u043e\u0440\u0435\u0432\u043d\u043e\u0432\u0430\u043d\u0438\u044f",
      "content_type": 13,
      "codename": "view_broadcast"
   }
},
{
   "model": "auth.permission",
   "pk": 53,
   "fields": {
      "name": "Can add \u0414\u043e\u043f\u0438\u043d\u0433 \u0442\u0435\u0441\u0442\u0438\u0440\u043e\u0432\u0430\u043d\u0438\u0435",
      "content_type": 14,
      "codename": "add_doping"
   }
},
{
   "model": "auth.permission",
   "pk": 54,
   "fields": {
      "name": "Can change \u0414\u043e\u043f\u0438\u043d\u0433 \u0442\u0435\u0441\u0442\u0438\u0440\u043e\u0432\u0430\u043d\u0438\u0435",
      "content_type": 14,
      "codename": "change_doping"
   }
},
{
   "model": "auth.permission",
   "pk": 55,
   "fields": {
      "name": "Can delete \u0414\u043e\u043f\u0438\u043d\u0433 \u0442\u0435\u0441\u0442\u0438\u0440\u043e\u0432\u0430\u043d\u0438\u0435",
      "content_type": 14,
      "codename": "delete_doping"
   }
},
{
   "model": "auth.permission",
   "pk": 56,
   "fields": {
      "name": "Can view \u0414\u043e\u043f\u0438\u043d\u0433 \u0442\u0435\u0441\u0442\u0438\u0440\u043e\u0432\u0430\u043d\u0438\u0435",
      "content_type": 14,
      "codename": "view_doping"
   }
},
{
   "model": "auth.permission",
   "pk": 57,
   "fields": {
      "name": "Can add \u0421\u0442\u0430\u0442\u0443\u0441 \u043f\u0440\u043e\u0431\u044b \u0411",
      "content_type": 15,
      "codename": "add_autopsystatus"
   }
},
{
   "model": "auth.permission",
   "pk": 58,
   "fields": {
      "name": "Can change \u0421\u0442\u0430\u0442\u0443\u0441 \u043f\u0440\u043e\u0431\u044b \u0411",
      "content_type": 15,
      "codename": "change_autopsystatus"
   }
},
{
   "model": "auth.permission",
   "pk": 59,
   "fields": {
      "name": "Can delete \u0421\u0442\u0430\u0442\u0443\u0441 \u043f\u0440\u043e\u0431\u044b \u0411",
      "content_type": 15,
      "codename": "delete_autopsystatus"
   }
},
{
   "model": "auth.permission",
   "pk": 60,
   "fields": {
      "name": "Can view \u0421\u0442\u0430\u0442\u0443\u0441 \u043f\u0440\u043e\u0431\u044b \u0411",
      "content_type": 15,
      "codename": "view_autopsystatus"
   }
},
{
   "model": "auth.permission",
   "pk": 61,
   "fields": {
      "name": "Can add \u0412\u0441\u043a\u0440\u044b\u0442\u0438\u0435 \u043f\u0440\u043e\u0431\u044b \u0411 (\u0437\u0430\u044f\u0432\u043a\u0438 \u0438 \u0440\u0435\u0437\u0443\u043b\u044c\u0442\u0430\u0442)",
      "content_type": 16,
      "codename": "add_autopsy"
   }
},
{
   "model": "auth.permission",
   "pk": 62,
   "fields": {
      "name": "Can change \u0412\u0441\u043a\u0440\u044b\u0442\u0438\u0435 \u043f\u0440\u043e\u0431\u044b \u0411 (\u0437\u0430\u044f\u0432\u043a\u0438 \u0438 \u0440\u0435\u0437\u0443\u043b\u044c\u0442\u0430\u0442)",
      "content_type": 16,
      "codename": "change_autopsy"
   }
},
{
   "model": "auth.permission",
   "pk": 63,
   "fields": {
      "name": "Can delete \u0412\u0441\u043a\u0440\u044b\u0442\u0438\u0435 \u043f\u0440\u043e\u0431\u044b \u0411 (\u0437\u0430\u044f\u0432\u043a\u0438 \u0438 \u0440\u0435\u0437\u0443\u043b\u044c\u0442\u0430\u0442)",
      "content_type": 16,
      "codename": "delete_autopsy"
   }
},
{
   "model": "auth.permission",
   "pk": 64,
   "fields": {
      "name": "Can view \u0412\u0441\u043a\u0440\u044b\u0442\u0438\u0435 \u043f\u0440\u043e\u0431\u044b \u0411 (\u0437\u0430\u044f\u0432\u043a\u0438 \u0438 \u0440\u0435\u0437\u0443\u043b\u044c\u0442\u0430\u0442)",
      "content_type": 16,
      "codename": "view_autopsy"
   }
},
{
   "model": "auth.permission",
   "pk": 65,
   "fields": {
      "name": "Can add \u0414\u043e\u043a\u0443\u043c\u0435\u043d\u0442 \u0432 \u041c\u0415\u041d\u042e",
      "content_type": 17,
      "codename": "add_document"
   }
},
{
   "model": "auth.permission",
   "pk": 66,
   "fields": {
      "name": "Can change \u0414\u043e\u043a\u0443\u043c\u0435\u043d\u0442 \u0432 \u041c\u0415\u041d\u042e",
      "content_type": 17,
      "codename": "change_document"
   }
},
{
   "model": "auth.permission",
   "pk": 67,
   "fields": {
      "name": "Can delete \u0414\u043e\u043a\u0443\u043c\u0435\u043d\u0442 \u0432 \u041c\u0415\u041d\u042e",
      "content_type": 17,
      "codename": "delete_document"
   }
},
{
   "model": "auth.permission",
   "pk": 68,
   "fields": {
      "name": "Can view \u0414\u043e\u043a\u0443\u043c\u0435\u043d\u0442 \u0432 \u041c\u0415\u041d\u042e",
      "content_type": 17,
      "codename": "view_document"
   }
},
{
   "model": "auth.permission",
   "pk": 69,
   "fields": {
      "name": "Can add \u0414\u0438\u0432\u0438\u0437\u0438\u043e\u043d",
      "content_type": 18,
      "codename": "add_division"
   }
},
{
   "model": "auth.permission",
   "pk": 70,
   "fields": {
      "name": "Can change \u0414\u0438\u0432\u0438\u0437\u0438\u043e\u043d",
      "content_type": 18,
      "codename": "change_division"
   }
},
{
   "model": "auth.permission",
   "pk": 71,
   "fields": {
      "name": "Can delete \u0414\u0438\u0432\u0438\u0437\u0438\u043e\u043d",
      "content_type": 18,
      "codename": "delete_division"
   }
},
{
   "model": "auth.permission",
   "pk": 72,
   "fields": {
      "name": "Can view \u0414\u0438\u0432\u0438\u0437\u0438\u043e\u043d",
      "content_type": 18,
      "codename": "view_division"
   }
},
{
   "model": "auth.permission",
   "pk": 73,
   "fields": {
      "name": "Can add \u041f\u043e\u043b \u0441\u043f\u043e\u0440\u0442\u0441\u043c\u0435\u043d\u0430",
      "content_type": 19,
      "codename": "add_gender"
   }
},
{
   "model": "auth.permission",
   "pk": 74,
   "fields": {
      "name": "Can change \u041f\u043e\u043b \u0441\u043f\u043e\u0440\u0442\u0441\u043c\u0435\u043d\u0430",
      "content_type": 19,
      "codename": "change_gender"
   }
},
{
   "model": "auth.permission",
   "pk": 75,
   "fields": {
      "name": "Can delete \u041f\u043e\u043b \u0441\u043f\u043e\u0440\u0442\u0441\u043c\u0435\u043d\u0430",
      "content_type": 19,
      "codename": "delete_gender"
   }
},
{
   "model": "auth.permission",
   "pk": 76,
   "fields": {
      "name": "Can view \u041f\u043e\u043b \u0441\u043f\u043e\u0440\u0442\u0441\u043c\u0435\u043d\u0430",
      "content_type": 19,
      "codename": "view_gender"
   }
},
{
   "model": "auth.permission",
   "pk": 77,
   "fields": {
      "name": "Can add \u0421\u0442\u0430\u0442\u0443\u0441 \u0441\u043f\u043e\u0440\u0442\u0441\u043c\u0435\u043d\u0430",
      "content_type": 20,
      "codename": "add_status"
   }
},
{
   "model": "auth.permission",
   "pk": 78,
   "fields": {
      "name": "Can change \u0421\u0442\u0430\u0442\u0443\u0441 \u0441\u043f\u043e\u0440\u0442\u0441\u043c\u0435\u043d\u0430",
      "content_type": 20,
      "codename": "change_status"
   }
},
{
   "model": "auth.permission",
   "pk": 79,
   "fields": {
      "name": "Can delete \u0421\u0442\u0430\u0442\u0443\u0441 \u0441\u043f\u043e\u0440\u0442\u0441\u043c\u0435\u043d\u0430",
      "content_type": 20,
      "codename": "delete_status"
   }
},
{
   "model": "auth.permission",
   "pk": 80,
   "fields": {
      "name": "Can view \u0421\u0442\u0430\u0442\u0443\u0441 \u0441\u043f\u043e\u0440\u0442\u0441\u043c\u0435\u043d\u0430",
      "content_type": 20,
      "codename": "view_status"
   }
},
{
   "model": "auth.permission",
   "pk": 81,
   "fields": {
      "name": "Can add \u0412\u0435\u0441\u043e\u0432\u0430\u044f \u043a\u0430\u0442\u0435\u0433\u043e\u0440\u0438\u044f",
      "content_type": 21,
      "codename": "add_weight_category"
   }
},
{
   "model": "auth.permission",
   "pk": 82,
   "fields": {
      "name": "Can change \u0412\u0435\u0441\u043e\u0432\u0430\u044f \u043a\u0430\u0442\u0435\u0433\u043e\u0440\u0438\u044f",
      "content_type": 21,
      "codename": "change_weight_category"
   }
},
{
   "model": "auth.permission",
   "pk": 83,
   "fields": {
      "name": "Can delete \u0412\u0435\u0441\u043e\u0432\u0430\u044f \u043a\u0430\u0442\u0435\u0433\u043e\u0440\u0438\u044f",
      "content_type": 21,
      "codename": "delete_weight_category"
   }
},
{
   "model": "auth.permission",
   "pk": 84,
   "fields": {
      "name": "Can view \u0412\u0435\u0441\u043e\u0432\u0430\u044f \u043a\u0430\u0442\u0435\u0433\u043e\u0440\u0438\u044f",
      "content_type": 21,
      "codename": "view_weight_category"
   }
},
{
   "model": "auth.permission",
   "pk": 85,
   "fields": {
      "name": "Can add \u0412\u043e\u0437\u0440\u0430\u0441\u0442\u043d\u0430\u044f \u043a\u0430\u0442\u0435\u0433\u043e\u0440\u0438\u044f",
      "content_type": 22,
      "codename": "add_age_category"
   }
},
{
   "model": "auth.permission",
   "pk": 86,
   "fields": {
      "name": "Can change \u0412\u043e\u0437\u0440\u0430\u0441\u0442\u043d\u0430\u044f \u043a\u0430\u0442\u0435\u0433\u043e\u0440\u0438\u044f",
      "content_type": 22,
      "codename": "change_age_category"
   }
},
{
   "model": "auth.permission",
   "pk": 87,
   "fields": {
      "name": "Can delete \u0412\u043e\u0437\u0440\u0430\u0441\u0442\u043d\u0430\u044f \u043a\u0430\u0442\u0435\u0433\u043e\u0440\u0438\u044f",
      "content_type": 22,
      "codename": "delete_age_category"
   }
},
{
   "model": "auth.permission",
   "pk": 88,
   "fields": {
      "name": "Can view \u0412\u043e\u0437\u0440\u0430\u0441\u0442\u043d\u0430\u044f \u043a\u0430\u0442\u0435\u0433\u043e\u0440\u0438\u044f",
      "content_type": 22,
      "codename": "view_age_category"
   }
},
{
   "model": "auth.permission",
   "pk": 89,
   "fields": {
      "name": "Can add \u041b\u0438\u0447\u043d\u043e/\u041a\u043e\u043c\u0430\u043d\u0434\u043d\u043e",
      "content_type": 23,
      "codename": "add_line_up"
   }
},
{
   "model": "auth.permission",
   "pk": 90,
   "fields": {
      "name": "Can change \u041b\u0438\u0447\u043d\u043e/\u041a\u043e\u043c\u0430\u043d\u0434\u043d\u043e",
      "content_type": 23,
      "codename": "change_line_up"
   }
},
{
   "model": "auth.permission",
   "pk": 91,
   "fields": {
      "name": "Can delete \u041b\u0438\u0447\u043d\u043e/\u041a\u043e\u043c\u0430\u043d\u0434\u043d\u043e",
      "content_type": 23,
      "codename": "delete_line_up"
   }
},
{
   "model": "auth.permission",
   "pk": 92,
   "fields": {
      "name": "Can view \u041b\u0438\u0447\u043d\u043e/\u041a\u043e\u043c\u0430\u043d\u0434\u043d\u043e",
      "content_type": 23,
      "codename": "view_line_up"
   }
},
{
   "model": "auth.permission",
   "pk": 93,
   "fields": {
      "name": "Can add \u0421\u043f\u043e\u0440\u0442\u0441\u043c\u0435\u043d",
      "content_type": 24,
      "codename": "add_sportsman"
   }
},
{
   "model": "auth.permission",
   "pk": 94,
   "fields": {
      "name": "Can change \u0421\u043f\u043e\u0440\u0442\u0441\u043c\u0435\u043d",
      "content_type": 24,
      "codename": "change_sportsman"
   }
},
{
   "model": "auth.permission",
   "pk": 95,
   "fields": {
      "name": "Can delete \u0421\u043f\u043e\u0440\u0442\u0441\u043c\u0435\u043d",
      "content_type": 24,
      "codename": "delete_sportsman"
   }
},
{
   "model": "auth.permission",
   "pk": 96,
   "fields": {
      "name": "Can view \u0421\u043f\u043e\u0440\u0442\u0441\u043c\u0435\u043d",
      "content_type": 24,
      "codename": "view_sportsman"
   }
},
{
   "model": "auth.permission",
   "pk": 97,
   "fields": {
      "name": "Can add \u0414\u0438\u0441\u0446\u0438\u043f\u043b\u0438\u043d\u0430",
      "content_type": 25,
      "codename": "add_discipline"
   }
},
{
   "model": "auth.permission",
   "pk": 98,
   "fields": {
      "name": "Can change \u0414\u0438\u0441\u0446\u0438\u043f\u043b\u0438\u043d\u0430",
      "content_type": 25,
      "codename": "change_discipline"
   }
},
{
   "model": "auth.permission",
   "pk": 99,
   "fields": {
      "name": "Can delete \u0414\u0438\u0441\u0446\u0438\u043f\u043b\u0438\u043d\u0430",
      "content_type": 25,
      "codename": "delete_discipline"
   }
},
{
   "model": "auth.permission",
   "pk": 100,
   "fields": {
      "name": "Can view \u0414\u0438\u0441\u0446\u0438\u043f\u043b\u0438\u043d\u0430",
      "content_type": 25,
      "codename": "view_discipline"
   }
},
{
   "model": "auth.permission",
   "pk": 101,
   "fields": {
      "name": "Can add TEST",
      "content_type": 26,
      "codename": "add_age_category"
   }
},
{
   "model": "auth.permission",
   "pk": 102,
   "fields": {
      "name": "Can change TEST",
      "content_type": 26,
      "codename": "change_age_category"
   }
},
{
   "model": "auth.permission",
   "pk": 103,
   "fields": {
      "name": "Can delete TEST",
      "content_type": 26,
      "codename": "delete_age_category"
   }
},
{
   "model": "auth.permission",
   "pk": 104,
   "fields": {
      "name": "Can view TEST",
      "content_type": 26,
      "codename": "view_age_category"
   }
},
{
   "model": "auth.permission",
   "pk": 105,
   "fields": {
      "name": "Can add Test",
      "content_type": 27,
      "codename": "add_test"
   }
},
{
   "model": "auth.permission",
   "pk": 106,
   "fields": {
      "name": "Can change Test",
      "content_type": 27,
      "codename": "change_test"
   }
},
{
   "model": "auth.permission",
   "pk": 107,
   "fields": {
      "name": "Can delete Test",
      "content_type": 27,
      "codename": "delete_test"
   }
},
{
   "model": "auth.permission",
   "pk": 108,
   "fields": {
      "name": "Can view Test",
      "content_type": 27,
      "codename": "view_test"
   }
},
{
   "model": "auth.permission",
   "pk": 109,
   "fields": {
      "name": "Can add \u041e\u0442\u043f\u0440\u0430\u0432\u043b\u0435\u043d\u043d\u044b\u0439 \u0435-\u043c\u0435\u0439\u043b",
      "content_type": 28,
      "codename": "add_emailsendingfact"
   }
},
{
   "model": "auth.permission",
   "pk": 110,
   "fields": {
      "name": "Can change \u041e\u0442\u043f\u0440\u0430\u0432\u043b\u0435\u043d\u043d\u044b\u0439 \u0435-\u043c\u0435\u0439\u043b",
      "content_type": 28,
      "codename": "change_emailsendingfact"
   }
},
{
   "model": "auth.permission",
   "pk": 111,
   "fields": {
      "name": "Can delete \u041e\u0442\u043f\u0440\u0430\u0432\u043b\u0435\u043d\u043d\u044b\u0439 \u0435-\u043c\u0435\u0439\u043b",
      "content_type": 28,
      "codename": "delete_emailsendingfact"
   }
},
{
   "model": "auth.permission",
   "pk": 112,
   "fields": {
      "name": "Can view \u041e\u0442\u043f\u0440\u0430\u0432\u043b\u0435\u043d\u043d\u044b\u0439 \u0435-\u043c\u0435\u0439\u043b",
      "content_type": 28,
      "codename": "view_emailsendingfact"
   }
},
{
   "model": "auth.permission",
   "pk": 113,
   "fields": {
      "name": "Can add \u0422\u0438\u043f \u0435-\u043c\u0435\u0439\u043b\u0430",
      "content_type": 29,
      "codename": "add_emailtype"
   }
},
{
   "model": "auth.permission",
   "pk": 114,
   "fields": {
      "name": "Can change \u0422\u0438\u043f \u0435-\u043c\u0435\u0439\u043b\u0430",
      "content_type": 29,
      "codename": "change_emailtype"
   }
},
{
   "model": "auth.permission",
   "pk": 115,
   "fields": {
      "name": "Can delete \u0422\u0438\u043f \u0435-\u043c\u0435\u0439\u043b\u0430",
      "content_type": 29,
      "codename": "delete_emailtype"
   }
},
{
   "model": "auth.permission",
   "pk": 116,
   "fields": {
      "name": "Can view \u0422\u0438\u043f \u0435-\u043c\u0435\u0439\u043b\u0430",
      "content_type": 29,
      "codename": "view_emailtype"
   }
},
{
   "model": "auth.permission",
   "pk": 117,
   "fields": {
      "name": "Can add sportsman in tournament",
      "content_type": 30,
      "codename": "add_sportsmanintournament"
   }
},
{
   "model": "auth.permission",
   "pk": 118,
   "fields": {
      "name": "Can change sportsman in tournament",
      "content_type": 30,
      "codename": "change_sportsmanintournament"
   }
},
{
   "model": "auth.permission",
   "pk": 119,
   "fields": {
      "name": "Can delete sportsman in tournament",
      "content_type": 30,
      "codename": "delete_sportsmanintournament"
   }
},
{
   "model": "auth.permission",
   "pk": 120,
   "fields": {
      "name": "Can view sportsman in tournament",
      "content_type": 30,
      "codename": "view_sportsmanintournament"
   }
},
{
   "model": "auth.permission",
   "pk": 121,
   "fields": {
      "name": "Can add \u0421\u0442\u0430\u0442\u0443\u0441 \u0442\u0443\u0440\u043d\u0438\u0440\u0430",
      "content_type": 31,
      "codename": "add_guidestatus"
   }
},
{
   "model": "auth.permission",
   "pk": 122,
   "fields": {
      "name": "Can change \u0421\u0442\u0430\u0442\u0443\u0441 \u0442\u0443\u0440\u043d\u0438\u0440\u0430",
      "content_type": 31,
      "codename": "change_guidestatus"
   }
},
{
   "model": "auth.permission",
   "pk": 123,
   "fields": {
      "name": "Can delete \u0421\u0442\u0430\u0442\u0443\u0441 \u0442\u0443\u0440\u043d\u0438\u0440\u0430",
      "content_type": 31,
      "codename": "delete_guidestatus"
   }
},
{
   "model": "auth.permission",
   "pk": 124,
   "fields": {
      "name": "Can view \u0421\u0442\u0430\u0442\u0443\u0441 \u0442\u0443\u0440\u043d\u0438\u0440\u0430",
      "content_type": 31,
      "codename": "view_guidestatus"
   }
},
{
   "model": "auth.permission",
   "pk": 125,
   "fields": {
      "name": "Can add \u0420\u0443\u043a\u043e\u0432\u043e\u0434\u0438\u0442\u0435\u043b\u044c",
      "content_type": 32,
      "codename": "add_guide"
   }
},
{
   "model": "auth.permission",
   "pk": 126,
   "fields": {
      "name": "Can change \u0420\u0443\u043a\u043e\u0432\u043e\u0434\u0438\u0442\u0435\u043b\u044c",
      "content_type": 32,
      "codename": "change_guide"
   }
},
{
   "model": "auth.permission",
   "pk": 127,
   "fields": {
      "name": "Can delete \u0420\u0443\u043a\u043e\u0432\u043e\u0434\u0438\u0442\u0435\u043b\u044c",
      "content_type": 32,
      "codename": "delete_guide"
   }
},
{
   "model": "auth.permission",
   "pk": 128,
   "fields": {
      "name": "Can view \u0420\u0443\u043a\u043e\u0432\u043e\u0434\u0438\u0442\u0435\u043b\u044c",
      "content_type": 32,
      "codename": "view_guide"
   }
},
{
   "model": "auth.permission",
   "pk": 129,
   "fields": {
      "name": "Can add \u0424\u043e\u0442\u043e\u0433\u0440\u0430\u0444\u0438\u044f \u043f\u0435\u0440\u0441\u043e\u043d\u0430\u043b\u0430",
      "content_type": 33,
      "codename": "add_guideimage"
   }
},
{
   "model": "auth.permission",
   "pk": 130,
   "fields": {
      "name": "Can change \u0424\u043e\u0442\u043e\u0433\u0440\u0430\u0444\u0438\u044f \u043f\u0435\u0440\u0441\u043e\u043d\u0430\u043b\u0430",
      "content_type": 33,
      "codename": "change_guideimage"
   }
},
{
   "model": "auth.permission",
   "pk": 131,
   "fields": {
      "name": "Can delete \u0424\u043e\u0442\u043e\u0433\u0440\u0430\u0444\u0438\u044f \u043f\u0435\u0440\u0441\u043e\u043d\u0430\u043b\u0430",
      "content_type": 33,
      "codename": "delete_guideimage"
   }
},
{
   "model": "auth.permission",
   "pk": 132,
   "fields": {
      "name": "Can view \u0424\u043e\u0442\u043e\u0433\u0440\u0430\u0444\u0438\u044f \u043f\u0435\u0440\u0441\u043e\u043d\u0430\u043b\u0430",
      "content_type": 33,
      "codename": "view_guideimage"
   }
},
{
   "model": "auth.permission",
   "pk": 133,
   "fields": {
      "name": "Can add \u0420\u0435\u0433\u0438\u043e\u043d\u0430\u043b\u044c\u043d\u044b\u0439 \u043f\u0440\u0435\u0434\u0441\u0442\u0430\u0432\u0438\u0442\u0435\u043b\u044c",
      "content_type": 34,
      "codename": "add_regional"
   }
},
{
   "model": "auth.permission",
   "pk": 134,
   "fields": {
      "name": "Can change \u0420\u0435\u0433\u0438\u043e\u043d\u0430\u043b\u044c\u043d\u044b\u0439 \u043f\u0440\u0435\u0434\u0441\u0442\u0430\u0432\u0438\u0442\u0435\u043b\u044c",
      "content_type": 34,
      "codename": "change_regional"
   }
},
{
   "model": "auth.permission",
   "pk": 135,
   "fields": {
      "name": "Can delete \u0420\u0435\u0433\u0438\u043e\u043d\u0430\u043b\u044c\u043d\u044b\u0439 \u043f\u0440\u0435\u0434\u0441\u0442\u0430\u0432\u0438\u0442\u0435\u043b\u044c",
      "content_type": 34,
      "codename": "delete_regional"
   }
},
{
   "model": "auth.permission",
   "pk": 136,
   "fields": {
      "name": "Can view \u0420\u0435\u0433\u0438\u043e\u043d\u0430\u043b\u044c\u043d\u044b\u0439 \u043f\u0440\u0435\u0434\u0441\u0442\u0430\u0432\u0438\u0442\u0435\u043b\u044c",
      "content_type": 34,
      "codename": "view_regional"
   }
},
{
   "model": "auth.permission",
   "pk": 137,
   "fields": {
      "name": "Can add \u0421\u0442\u0430\u0442\u0443\u0441 \u043f\u0440\u0435\u0434\u0441\u0442\u0430\u0432\u0438\u0442\u0435\u043b\u044f",
      "content_type": 35,
      "codename": "add_regionalstatus"
   }
},
{
   "model": "auth.permission",
   "pk": 138,
   "fields": {
      "name": "Can change \u0421\u0442\u0430\u0442\u0443\u0441 \u043f\u0440\u0435\u0434\u0441\u0442\u0430\u0432\u0438\u0442\u0435\u043b\u044f",
      "content_type": 35,
      "codename": "change_regionalstatus"
   }
},
{
   "model": "auth.permission",
   "pk": 139,
   "fields": {
      "name": "Can delete \u0421\u0442\u0430\u0442\u0443\u0441 \u043f\u0440\u0435\u0434\u0441\u0442\u0430\u0432\u0438\u0442\u0435\u043b\u044f",
      "content_type": 35,
      "codename": "delete_regionalstatus"
   }
},
{
   "model": "auth.permission",
   "pk": 140,
   "fields": {
      "name": "Can view \u0421\u0442\u0430\u0442\u0443\u0441 \u043f\u0440\u0435\u0434\u0441\u0442\u0430\u0432\u0438\u0442\u0435\u043b\u044f",
      "content_type": 35,
      "codename": "view_regionalstatus"
   }
},
{
   "model": "auth.user",
   "pk": 1,
   "fields": {
      "password": "pbkdf2_sha256$150000$OpYoUWEk7fUr$vaigTvY6f47yGTbBA96zVssFi4bompUV0csAAI+dh1g=",
      "last_login": "2019-11-01T16:26:12.764Z",
      "is_superuser": true,
      "username": "main_admin",
      "first_name": "\u0420\u043e\u043c\u0430\u043d",
      "last_name": "\u041a\u043e\u043d\u0441\u0442\u0430\u043d\u0442\u0438\u043d\u043e\u0432",
      "email": "info@gfp-russia.ru",
      "is_staff": true,
      "is_active": true,
      "date_joined": "2019-08-11T16:50:28Z",
      "groups": [],
      "user_permissions": []
   }
},
{
   "model": "auth.user",
   "pk": 2,
   "fields": {
      "password": "",
      "last_login": null,
      "is_superuser": false,
      "username": "+7-950-879-08-81",
      "first_name": "\u041f\u0430\u0432\u0435\u043b",
      "last_name": "",
      "email": "aspirpd@gmail.com",
      "is_staff": false,
      "is_active": true,
      "date_joined": "2019-09-23T20:02:44.335Z",
      "groups": [],
      "user_permissions": []
   }
},
{
   "model": "admin.logentry",
   "pk": 1,
   "fields": {
      "action_time": "2019-08-11T16:51:06.152Z",
      "user": 1,
      "content_type": 4,
      "object_id": "1",
      "object_repr": "main_admin",
      "action_flag": 2,
      "change_message": "[{\"changed\": {\"fields\": [\"first_name\", \"last_name\"]}}]"
   }
},
{
   "model": "admin.logentry",
   "pk": 2,
   "fields": {
      "action_time": "2019-08-11T20:27:17.803Z",
      "user": 1,
      "content_type": 8,
      "object_id": "1",
      "object_repr": "\u041d\u043e\u0432\u044b\u0439",
      "action_flag": 1,
      "change_message": "[{\"added\": {}}]"
   }
},
{
   "model": "admin.logentry",
   "pk": 3,
   "fields": {
      "action_time": "2019-08-11T20:27:33.708Z",
      "user": 1,
      "content_type": 8,
      "object_id": "2",
      "object_repr": "\u041f\u0440\u043e\u0432\u0435\u0434\u0435\u043d\u043d\u044b\u0439",
      "action_flag": 1,
      "change_message": "[{\"added\": {}}]"
   }
},
{
   "model": "admin.logentry",
   "pk": 4,
   "fields": {
      "action_time": "2019-08-11T20:27:42.006Z",
      "user": 1,
      "content_type": 8,
      "object_id": "3",
      "object_repr": "\u041e\u0442\u043c\u0435\u043d\u0435\u043d",
      "action_flag": 1,
      "change_message": "[{\"added\": {}}]"
   }
},
{
   "model": "admin.logentry",
   "pk": 5,
   "fields": {
      "action_time": "2019-08-11T20:27:51.235Z",
      "user": 1,
      "content_type": 8,
      "object_id": "4",
      "object_repr": "\u041d\u0435\u0441\u043e\u0441\u0442\u043e\u044f\u0432\u0448\u0438\u0439\u0441\u044f",
      "action_flag": 1,
      "change_message": "[{\"added\": {}}]"
   }
},
{
   "model": "admin.logentry",
   "pk": 6,
   "fields": {
      "action_time": "2019-08-11T20:29:25.567Z",
      "user": 1,
      "content_type": 7,
      "object_id": "1",
      "object_repr": "\u0427\u0435\u043c\u043f\u0438\u043e\u043d\u0430\u0442 \u0426\u0424\u041e",
      "action_flag": 1,
      "change_message": "[{\"added\": {}}]"
   }
},
{
   "model": "admin.logentry",
   "pk": 7,
   "fields": {
      "action_time": "2019-08-11T20:32:26.846Z",
      "user": 1,
      "content_type": 7,
      "object_id": "1",
      "object_repr": "\u0427\u0435\u043c\u043f\u0438\u043e\u043d\u0430\u0442 \u0426\u0424\u041e",
      "action_flag": 2,
      "change_message": "[{\"changed\": {\"fields\": [\"provisions_dk\", \"provisions_bezdk\"]}}]"
   }
},
{
   "model": "admin.logentry",
   "pk": 8,
   "fields": {
      "action_time": "2019-08-11T20:34:51.990Z",
      "user": 1,
      "content_type": 7,
      "object_id": "1",
      "object_repr": "\u0427\u0435\u043c\u043f\u0438\u043e\u043d\u0430\u0442 \u0426\u0424\u041e",
      "action_flag": 2,
      "change_message": "[{\"added\": {\"name\": \"\\u0424\\u043e\\u0442\\u043e\\u0433\\u0440\\u0430\\u0444\\u0438\\u044f \\u0442\\u0443\\u0440\\u043d\\u0438\\u0440\\u0430\", \"object\": \"1\"}}]"
   }
},
{
   "model": "admin.logentry",
   "pk": 9,
   "fields": {
      "action_time": "2019-08-11T20:43:17.007Z",
      "user": 1,
      "content_type": 7,
      "object_id": "2",
      "object_repr": "\u041e\u041c\u0422 \u0411\u0440\u044f\u043d\u0441\u043a",
      "action_flag": 1,
      "change_message": "[{\"added\": {}}, {\"added\": {\"name\": \"\\u0424\\u043e\\u0442\\u043e\\u0433\\u0440\\u0430\\u0444\\u0438\\u044f \\u0442\\u0443\\u0440\\u043d\\u0438\\u0440\\u0430\", \"object\": \"2\"}}]"
   }
},
{
   "model": "admin.logentry",
   "pk": 10,
   "fields": {
      "action_time": "2019-08-11T20:44:52.946Z",
      "user": 1,
      "content_type": 7,
      "object_id": "1",
      "object_repr": "\u0427\u0435\u043c\u043f\u0438\u043e\u043d\u0430\u0442 \u0426\u0424\u041e",
      "action_flag": 2,
      "change_message": "[{\"changed\": {\"fields\": [\"status\"]}}]"
   }
},
{
   "model": "admin.logentry",
   "pk": 11,
   "fields": {
      "action_time": "2019-08-11T20:47:27.259Z",
      "user": 1,
      "content_type": 7,
      "object_id": "3",
      "object_repr": "\u041e\u041c\u0422_\u041e\u0440\u0435\u043b_5-6.10.2019",
      "action_flag": 1,
      "change_message": "[{\"added\": {}}, {\"added\": {\"name\": \"\\u0424\\u043e\\u0442\\u043e\\u0433\\u0440\\u0430\\u0444\\u0438\\u044f \\u0442\\u0443\\u0440\\u043d\\u0438\\u0440\\u0430\", \"object\": \"3\"}}]"
   }
},
{
   "model": "admin.logentry",
   "pk": 12,
   "fields": {
      "action_time": "2019-08-11T23:34:10.136Z",
      "user": 1,
      "content_type": 11,
      "object_id": "1",
      "object_repr": "\u0420\u043e\u0441\u0442\u0438\u0441\u043b\u0430\u0432",
      "action_flag": 1,
      "change_message": "[{\"added\": {}}, {\"added\": {\"name\": \"\\u0424\\u043e\\u0442\\u043e\\u0433\\u0440\\u0430\\u0444\\u0438\\u044f \\u043a\\u043b\\u0438\\u0435\\u043d\\u0442\\u0430\", \"object\": \"1\"}}]"
   }
},
{
   "model": "admin.logentry",
   "pk": 13,
   "fields": {
      "action_time": "2019-08-11T23:40:12.179Z",
      "user": 1,
      "content_type": 11,
      "object_id": "1",
      "object_repr": "\u0420\u043e\u0441\u0442\u0438\u0441\u043b\u0430\u0432",
      "action_flag": 2,
      "change_message": "[{\"changed\": {\"name\": \"\\u0424\\u043e\\u0442\\u043e\\u0433\\u0440\\u0430\\u0444\\u0438\\u044f \\u043a\\u043b\\u0438\\u0435\\u043d\\u0442\\u0430\", \"object\": \"1\", \"fields\": [\"image\"]}}]"
   }
},
{
   "model": "admin.logentry",
   "pk": 14,
   "fields": {
      "action_time": "2019-08-11T23:41:22.143Z",
      "user": 1,
      "content_type": 11,
      "object_id": "1",
      "object_repr": "\u0420\u043e\u0441\u0442\u0438\u0441\u043b\u0430\u0432",
      "action_flag": 2,
      "change_message": "[{\"changed\": {\"name\": \"\\u0424\\u043e\\u0442\\u043e\\u0433\\u0440\\u0430\\u0444\\u0438\\u044f \\u043a\\u043b\\u0438\\u0435\\u043d\\u0442\\u0430\", \"object\": \"1\", \"fields\": [\"image\"]}}]"
   }
},
{
   "model": "admin.logentry",
   "pk": 15,
   "fields": {
      "action_time": "2019-08-11T23:43:36.965Z",
      "user": 1,
      "content_type": 11,
      "object_id": "2",
      "object_repr": "\u0414\u0435\u043d\u0438\u0441",
      "action_flag": 1,
      "change_message": "[{\"added\": {}}, {\"added\": {\"name\": \"\\u0424\\u043e\\u0442\\u043e\\u0433\\u0440\\u0430\\u0444\\u0438\\u044f \\u043a\\u043b\\u0438\\u0435\\u043d\\u0442\\u0430\", \"object\": \"2\"}}]"
   }
},
{
   "model": "admin.logentry",
   "pk": 16,
   "fields": {
      "action_time": "2019-08-11T23:44:25.950Z",
      "user": 1,
      "content_type": 11,
      "object_id": "3",
      "object_repr": "\u041d\u0438\u043a\u043e\u043b\u0430\u0439",
      "action_flag": 1,
      "change_message": "[{\"added\": {}}, {\"added\": {\"name\": \"\\u0424\\u043e\\u0442\\u043e\\u0433\\u0440\\u0430\\u0444\\u0438\\u044f \\u043a\\u043b\\u0438\\u0435\\u043d\\u0442\\u0430\", \"object\": \"3\"}}]"
   }
},
{
   "model": "admin.logentry",
   "pk": 17,
   "fields": {
      "action_time": "2019-08-11T23:45:12.348Z",
      "user": 1,
      "content_type": 11,
      "object_id": "4",
      "object_repr": "\u0421\u0435\u0440\u0433\u0435\u0439",
      "action_flag": 1,
      "change_message": "[{\"added\": {}}, {\"added\": {\"name\": \"\\u0424\\u043e\\u0442\\u043e\\u0433\\u0440\\u0430\\u0444\\u0438\\u044f \\u043a\\u043b\\u0438\\u0435\\u043d\\u0442\\u0430\", \"object\": \"4\"}}]"
   }
},
{
   "model": "admin.logentry",
   "pk": 18,
   "fields": {
      "action_time": "2019-08-11T23:45:49.217Z",
      "user": 1,
      "content_type": 11,
      "object_id": "5",
      "object_repr": "\u0421\u0438\u0441\u0442\u0435\u043c\u0430",
      "action_flag": 1,
      "change_message": "[{\"added\": {}}, {\"added\": {\"name\": \"\\u0424\\u043e\\u0442\\u043e\\u0433\\u0440\\u0430\\u0444\\u0438\\u044f \\u043a\\u043b\\u0438\\u0435\\u043d\\u0442\\u0430\", \"object\": \"5\"}}]"
   }
},
{
   "model": "admin.logentry",
   "pk": 19,
   "fields": {
      "action_time": "2019-08-13T08:25:46.581Z",
      "user": 1,
      "content_type": 7,
      "object_id": "1",
      "object_repr": "\u0427\u0435\u043c\u043f\u0438\u043e\u043d\u0430\u0442 \u0426\u0424\u041e",
      "action_flag": 2,
      "change_message": "[{\"changed\": {\"name\": \"\\u0424\\u043e\\u0442\\u043e\\u0433\\u0440\\u0430\\u0444\\u0438\\u044f \\u0442\\u0443\\u0440\\u043d\\u0438\\u0440\\u0430\", \"object\": \"1\", \"fields\": [\"image\"]}}]"
   }
},
{
   "model": "admin.logentry",
   "pk": 20,
   "fields": {
      "action_time": "2019-08-13T08:28:08.959Z",
      "user": 1,
      "content_type": 11,
      "object_id": "1",
      "object_repr": "\u0420\u043e\u0441\u0442\u0438\u0441\u043b\u0430\u0432",
      "action_flag": 2,
      "change_message": "[{\"changed\": {\"name\": \"\\u0424\\u043e\\u0442\\u043e\\u0433\\u0440\\u0430\\u0444\\u0438\\u044f \\u043a\\u043b\\u0438\\u0435\\u043d\\u0442\\u0430\", \"object\": \"1\", \"fields\": [\"image\"]}}]"
   }
},
{
   "model": "admin.logentry",
   "pk": 21,
   "fields": {
      "action_time": "2019-08-13T08:44:46.383Z",
      "user": 1,
      "content_type": 11,
      "object_id": "2",
      "object_repr": "\u0414\u0435\u043d\u0438\u0441",
      "action_flag": 2,
      "change_message": "[{\"changed\": {\"name\": \"\\u0424\\u043e\\u0442\\u043e\\u0433\\u0440\\u0430\\u0444\\u0438\\u044f \\u043a\\u043b\\u0438\\u0435\\u043d\\u0442\\u0430\", \"object\": \"2\", \"fields\": [\"image\"]}}]"
   }
},
{
   "model": "admin.logentry",
   "pk": 22,
   "fields": {
      "action_time": "2019-08-13T08:44:52.652Z",
      "user": 1,
      "content_type": 11,
      "object_id": "3",
      "object_repr": "\u041d\u0438\u043a\u043e\u043b\u0430\u0439",
      "action_flag": 2,
      "change_message": "[{\"changed\": {\"name\": \"\\u0424\\u043e\\u0442\\u043e\\u0433\\u0440\\u0430\\u0444\\u0438\\u044f \\u043a\\u043b\\u0438\\u0435\\u043d\\u0442\\u0430\", \"object\": \"3\", \"fields\": [\"image\"]}}]"
   }
},
{
   "model": "admin.logentry",
   "pk": 23,
   "fields": {
      "action_time": "2019-08-13T08:44:59.299Z",
      "user": 1,
      "content_type": 11,
      "object_id": "4",
      "object_repr": "\u0421\u0435\u0440\u0433\u0435\u0439",
      "action_flag": 2,
      "change_message": "[{\"changed\": {\"name\": \"\\u0424\\u043e\\u0442\\u043e\\u0433\\u0440\\u0430\\u0444\\u0438\\u044f \\u043a\\u043b\\u0438\\u0435\\u043d\\u0442\\u0430\", \"object\": \"4\", \"fields\": [\"image\"]}}]"
   }
},
{
   "model": "admin.logentry",
   "pk": 24,
   "fields": {
      "action_time": "2019-08-13T08:45:07.951Z",
      "user": 1,
      "content_type": 11,
      "object_id": "5",
      "object_repr": "\u0421\u0438\u0441\u0442\u0435\u043c\u0430",
      "action_flag": 2,
      "change_message": "[{\"changed\": {\"name\": \"\\u0424\\u043e\\u0442\\u043e\\u0433\\u0440\\u0430\\u0444\\u0438\\u044f \\u043a\\u043b\\u0438\\u0435\\u043d\\u0442\\u0430\", \"object\": \"5\", \"fields\": [\"image\"]}}]"
   }
},
{
   "model": "admin.logentry",
   "pk": 25,
   "fields": {
      "action_time": "2019-08-13T09:09:06.789Z",
      "user": 1,
      "content_type": 7,
      "object_id": "1",
      "object_repr": "\u0427\u0435\u043c\u043f\u0438\u043e\u043d\u0430\u0442 \u0426\u0424\u041e",
      "action_flag": 2,
      "change_message": "[{\"changed\": {\"fields\": [\"nominations\"]}}]"
   }
},
{
   "model": "admin.logentry",
   "pk": 26,
   "fields": {
      "action_time": "2019-08-13T09:14:49.710Z",
      "user": 1,
      "content_type": 7,
      "object_id": "1",
      "object_repr": "\u0427\u0435\u043c\u043f\u0438\u043e\u043d\u0430\u0442 \u0426\u0424\u041e",
      "action_flag": 2,
      "change_message": "[{\"changed\": {\"fields\": [\"nominations\"]}}]"
   }
},
{
   "model": "admin.logentry",
   "pk": 27,
   "fields": {
      "action_time": "2019-08-15T14:06:24.076Z",
      "user": 1,
      "content_type": 7,
      "object_id": "1",
      "object_repr": "\u0427\u0435\u043c\u043f\u0438\u043e\u043d\u0430\u0442 \u0426\u0424\u041e",
      "action_flag": 2,
      "change_message": "[{\"changed\": {\"fields\": [\"provisions_dk\", \"provisions_bezdk\"]}}]"
   }
},
{
   "model": "admin.logentry",
   "pk": 28,
   "fields": {
      "action_time": "2019-08-15T14:06:29.999Z",
      "user": 1,
      "content_type": 7,
      "object_id": "2",
      "object_repr": "\u041e\u041c\u0422 \u0411\u0440\u044f\u043d\u0441\u043a",
      "action_flag": 2,
      "change_message": "[{\"changed\": {\"fields\": [\"provisions_dk\", \"provisions_bezdk\", \"nominations\"]}}]"
   }
},
{
   "model": "admin.logentry",
   "pk": 29,
   "fields": {
      "action_time": "2019-08-15T14:06:35.945Z",
      "user": 1,
      "content_type": 7,
      "object_id": "3",
      "object_repr": "\u041e\u041c\u0422_\u041e\u0440\u0435\u043b_5-6.10.2019",
      "action_flag": 2,
      "change_message": "[{\"changed\": {\"fields\": [\"provisions_dk\", \"provisions_bezdk\"]}}]"
   }
},
{
   "model": "admin.logentry",
   "pk": 30,
   "fields": {
      "action_time": "2019-08-15T14:11:41.974Z",
      "user": 1,
      "content_type": 7,
      "object_id": "1",
      "object_repr": "\u0427\u0435\u043c\u043f\u0438\u043e\u043d\u0430\u0442 \u0426\u0424\u041e",
      "action_flag": 2,
      "change_message": "[{\"changed\": {\"fields\": [\"provisions_dk\", \"provisions_bezdk\"]}}]"
   }
},
{
   "model": "admin.logentry",
   "pk": 31,
   "fields": {
      "action_time": "2019-08-15T14:14:50.824Z",
      "user": 1,
      "content_type": 7,
      "object_id": "2",
      "object_repr": "\u041e\u041c\u0422 \u0411\u0440\u044f\u043d\u0441\u043a",
      "action_flag": 2,
      "change_message": "[{\"changed\": {\"fields\": [\"provisions_dk\", \"provisions_bezdk\"]}}]"
   }
},
{
   "model": "admin.logentry",
   "pk": 32,
   "fields": {
      "action_time": "2019-08-15T14:15:14.220Z",
      "user": 1,
      "content_type": 7,
      "object_id": "3",
      "object_repr": "\u041e\u041c\u0422_\u041e\u0440\u0435\u043b_5-6.10.2019",
      "action_flag": 2,
      "change_message": "[{\"changed\": {\"fields\": [\"provisions_dk\", \"provisions_bezdk\"]}}]"
   }
},
{
   "model": "admin.logentry",
   "pk": 33,
   "fields": {
      "action_time": "2019-08-15T15:47:19.594Z",
      "user": 1,
      "content_type": 7,
      "object_id": "3",
      "object_repr": "\u041e\u041c\u0422_\u041e\u0440\u0435\u043b_5-6.10.2019",
      "action_flag": 2,
      "change_message": "[{\"changed\": {\"fields\": [\"photo_vk\", \"video_youtube\"]}}]"
   }
},
{
   "model": "admin.logentry",
   "pk": 34,
   "fields": {
      "action_time": "2019-08-15T15:47:24.278Z",
      "user": 1,
      "content_type": 7,
      "object_id": "3",
      "object_repr": "\u041e\u041c\u0422_\u041e\u0440\u0435\u043b_5-6.10.2019",
      "action_flag": 2,
      "change_message": "[]"
   }
},
{
   "model": "admin.logentry",
   "pk": 35,
   "fields": {
      "action_time": "2019-08-15T15:47:30.003Z",
      "user": 1,
      "content_type": 7,
      "object_id": "1",
      "object_repr": "\u0427\u0435\u043c\u043f\u0438\u043e\u043d\u0430\u0442 \u0426\u0424\u041e",
      "action_flag": 2,
      "change_message": "[{\"changed\": {\"fields\": [\"photo_vk\", \"video_youtube\"]}}]"
   }
},
{
   "model": "admin.logentry",
   "pk": 36,
   "fields": {
      "action_time": "2019-08-15T15:47:35.748Z",
      "user": 1,
      "content_type": 7,
      "object_id": "2",
      "object_repr": "\u041e\u041c\u0422 \u0411\u0440\u044f\u043d\u0441\u043a",
      "action_flag": 2,
      "change_message": "[{\"changed\": {\"fields\": [\"photo_vk\", \"video_youtube\"]}}]"
   }
},
{
   "model": "admin.logentry",
   "pk": 37,
   "fields": {
      "action_time": "2019-08-15T15:50:30.749Z",
      "user": 1,
      "content_type": 7,
      "object_id": "2",
      "object_repr": "\u041e\u041c\u0422 \u0411\u0440\u044f\u043d\u0441\u043a",
      "action_flag": 2,
      "change_message": "[{\"changed\": {\"fields\": [\"photo_vk\"]}}]"
   }
},
{
   "model": "admin.logentry",
   "pk": 38,
   "fields": {
      "action_time": "2019-08-15T16:45:07.177Z",
      "user": 1,
      "content_type": 7,
      "object_id": "2",
      "object_repr": "\u041e\u041c\u0422 \u0411\u0440\u044f\u043d\u0441\u043a",
      "action_flag": 2,
      "change_message": "[{\"changed\": {\"fields\": [\"description\"]}}]"
   }
},
{
   "model": "admin.logentry",
   "pk": 39,
   "fields": {
      "action_time": "2019-08-15T16:45:17.791Z",
      "user": 1,
      "content_type": 7,
      "object_id": "1",
      "object_repr": "\u0427\u0435\u043c\u043f\u0438\u043e\u043d\u0430\u0442 \u0426\u0424\u041e",
      "action_flag": 2,
      "change_message": "[{\"changed\": {\"fields\": [\"description\"]}}]"
   }
},
{
   "model": "admin.logentry",
   "pk": 40,
   "fields": {
      "action_time": "2019-08-15T16:58:46.578Z",
      "user": 1,
      "content_type": 7,
      "object_id": "1",
      "object_repr": "\u0427\u0435\u043c\u043f\u0438\u043e\u043d\u0430\u0442 \u0426\u0424\u041e",
      "action_flag": 2,
      "change_message": "[{\"changed\": {\"fields\": [\"photo_vk\"]}}]"
   }
},
{
   "model": "admin.logentry",
   "pk": 41,
   "fields": {
      "action_time": "2019-08-15T18:05:58.815Z",
      "user": 1,
      "content_type": 7,
      "object_id": "1",
      "object_repr": "\u0427\u0435\u043c\u043f\u0438\u043e\u043d\u0430\u0442 \u0426\u0424\u041e",
      "action_flag": 2,
      "change_message": "[{\"changed\": {\"fields\": [\"video_youtube\"]}}]"
   }
},
{
   "model": "admin.logentry",
   "pk": 42,
   "fields": {
      "action_time": "2019-08-17T14:22:09.501Z",
      "user": 1,
      "content_type": 7,
      "object_id": "1",
      "object_repr": "\u0427\u0435\u043c\u043f\u0438\u043e\u043d\u0430\u0442 \u0426\u0424\u041e",
      "action_flag": 2,
      "change_message": "[{\"changed\": {\"name\": \"\\u0424\\u043e\\u0442\\u043e\\u0433\\u0440\\u0430\\u0444\\u0438\\u044f \\u0442\\u0443\\u0440\\u043d\\u0438\\u0440\\u0430\", \"object\": \"1\", \"fields\": [\"image\"]}}]"
   }
},
{
   "model": "admin.logentry",
   "pk": 43,
   "fields": {
      "action_time": "2019-08-17T14:23:27.839Z",
      "user": 1,
      "content_type": 7,
      "object_id": "1",
      "object_repr": "\u0427\u0435\u043c\u043f\u0438\u043e\u043d\u0430\u0442 \u0426\u0424\u041e",
      "action_flag": 2,
      "change_message": "[{\"changed\": {\"name\": \"\\u0424\\u043e\\u0442\\u043e\\u0433\\u0440\\u0430\\u0444\\u0438\\u044f \\u0442\\u0443\\u0440\\u043d\\u0438\\u0440\\u0430\", \"object\": \"1\", \"fields\": [\"image\"]}}]"
   }
},
{
   "model": "admin.logentry",
   "pk": 44,
   "fields": {
      "action_time": "2019-08-17T15:01:32.463Z",
      "user": 1,
      "content_type": 13,
      "object_id": "1",
      "object_repr": "\u0422\u0440\u0430\u043d\u0441\u043b\u044f\u0446\u0438\u044f \u0441\u043e\u0440\u0435\u0432\u043d\u043e\u0432\u0430\u043d\u0438\u0439: https://www.youtube.com/watch?v=g27nfVnwv4A",
      "action_flag": 1,
      "change_message": "[{\"added\": {}}]"
   }
},
{
   "model": "admin.logentry",
   "pk": 45,
   "fields": {
      "action_time": "2019-08-17T16:28:09.647Z",
      "user": 1,
      "content_type": 13,
      "object_id": "1",
      "object_repr": "\u0422\u0440\u0430\u043d\u0441\u043b\u044f\u0446\u0438\u044f \u0441\u043e\u0440\u0435\u0432\u043d\u043e\u0432\u0430\u043d\u0438\u0439: \u0422\u0440\u0430\u043d\u0441\u043b\u044f\u0446\u0438\u044f \u0441\u043e\u0440\u0435\u0432\u043d\u043e\u0432\u0430\u043d\u0438\u044f \u0432 \u0433\u043e\u0440\u043e\u0434\u0435 \u041e\u0440\u0435\u043b",
      "action_flag": 2,
      "change_message": "[{\"changed\": {\"fields\": [\"url\"]}}]"
   }
},
{
   "model": "admin.logentry",
   "pk": 46,
   "fields": {
      "action_time": "2019-08-17T16:28:19.075Z",
      "user": 1,
      "content_type": 13,
      "object_id": "1",
      "object_repr": "\u0422\u0440\u0430\u043d\u0441\u043b\u044f\u0446\u0438\u044f \u0441\u043e\u0440\u0435\u0432\u043d\u043e\u0432\u0430\u043d\u0438\u0439: \u0422\u0440\u0430\u043d\u0441\u043b\u044f\u0446\u0438\u044f \u0441\u043e\u0440\u0435\u0432\u043d\u043e\u0432\u0430\u043d\u0438\u044f \u0432 \u0433\u043e\u0440\u043e\u0434\u0435 \u041e\u0440\u0435\u043b",
      "action_flag": 2,
      "change_message": "[{\"changed\": {\"fields\": [\"is_active\"]}}]"
   }
},
{
   "model": "admin.logentry",
   "pk": 47,
   "fields": {
      "action_time": "2019-08-17T16:41:37.378Z",
      "user": 1,
      "content_type": 13,
      "object_id": "1",
      "object_repr": "\u0422\u0440\u0430\u043d\u0441\u043b\u044f\u0446\u0438\u044f \u0441\u043e\u0440\u0435\u0432\u043d\u043e\u0432\u0430\u043d\u0438\u0439: \u041e\u0442\u043a\u0440\u044b\u0442\u044b\u0439 \u043c\u0430\u0441\u0442\u0435\u0440\u0441\u043a\u0438\u0439 \u0442\u0443\u0440\u043d\u0438\u0440 \u00abFortior est Ferrum\u00bb, \u0433. \u041e\u0440\u0435\u043b",
      "action_flag": 2,
      "change_message": "[{\"changed\": {\"fields\": [\"name\"]}}]"
   }
},
{
   "model": "admin.logentry",
   "pk": 48,
   "fields": {
      "action_time": "2019-08-17T16:45:03.871Z",
      "user": 1,
      "content_type": 13,
      "object_id": "1",
      "object_repr": "\u0422\u0440\u0430\u043d\u0441\u043b\u044f\u0446\u0438\u044f \u0441\u043e\u0440\u0435\u0432\u043d\u043e\u0432\u0430\u043d\u0438\u0439: \u041e\u0442\u043a\u0440\u044b\u0442\u044b\u0439 \u043c\u0430\u0441\u0442\u0435\u0440\u0441\u043a\u0438\u0439 \u0442\u0443\u0440\u043d\u0438\u0440 \u00abFortior est Ferrum\u00bb, \u0433. \u041e\u0440\u0435\u043b",
      "action_flag": 2,
      "change_message": "[{\"changed\": {\"fields\": [\"is_active\"]}}]"
   }
},
{
   "model": "admin.logentry",
   "pk": 49,
   "fields": {
      "action_time": "2019-08-17T16:49:07.421Z",
      "user": 1,
      "content_type": 13,
      "object_id": "1",
      "object_repr": "\u0422\u0440\u0430\u043d\u0441\u043b\u044f\u0446\u0438\u044f \u0441\u043e\u0440\u0435\u0432\u043d\u043e\u0432\u0430\u043d\u0438\u0439: \u041e\u0442\u043a\u0440\u044b\u0442\u044b\u0439 \u043c\u0430\u0441\u0442\u0435\u0440\u0441\u043a\u0438\u0439 \u0442\u0443\u0440\u043d\u0438\u0440 \u00abFortior est Ferrum\u00bb, \u0433. \u041e\u0440\u0435\u043b",
      "action_flag": 2,
      "change_message": "[{\"changed\": {\"fields\": [\"url\", \"is_active\"]}}]"
   }
},
{
   "model": "admin.logentry",
   "pk": 50,
   "fields": {
      "action_time": "2019-08-17T16:52:47.878Z",
      "user": 1,
      "content_type": 13,
      "object_id": "1",
      "object_repr": "\u0422\u0440\u0430\u043d\u0441\u043b\u044f\u0446\u0438\u044f \u0441\u043e\u0440\u0435\u0432\u043d\u043e\u0432\u0430\u043d\u0438\u0439: \u041e\u0442\u043a\u0440\u044b\u0442\u044b\u0439 \u043c\u0430\u0441\u0442\u0435\u0440\u0441\u043a\u0438\u0439 \u0442\u0443\u0440\u043d\u0438\u0440 \u00abFortior est Ferrum\u00bb, \u0433. \u041e\u0440\u0435\u043b",
      "action_flag": 2,
      "change_message": "[{\"changed\": {\"fields\": [\"url\"]}}]"
   }
},
{
   "model": "admin.logentry",
   "pk": 51,
   "fields": {
      "action_time": "2019-08-19T21:43:05.050Z",
      "user": 1,
      "content_type": 15,
      "object_id": "1",
      "object_repr": "\u0412 \u043e\u0431\u0440\u0430\u0431\u043e\u0442\u043a\u0435",
      "action_flag": 1,
      "change_message": "[{\"added\": {}}]"
   }
},
{
   "model": "admin.logentry",
   "pk": 52,
   "fields": {
      "action_time": "2019-08-19T21:43:38.500Z",
      "user": 1,
      "content_type": 15,
      "object_id": "2",
      "object_repr": "\u041f\u0440\u043e\u0431\u0430 \u043f\u043e\u043b\u043e\u0436\u0438\u0442\u0435\u043b\u044c\u043d\u0430\u044f",
      "action_flag": 1,
      "change_message": "[{\"added\": {}}]"
   }
},
{
   "model": "admin.logentry",
   "pk": 53,
   "fields": {
      "action_time": "2019-08-19T21:43:46.879Z",
      "user": 1,
      "content_type": 15,
      "object_id": "3",
      "object_repr": "\u041f\u0440\u043e\u0431\u0430 \u043e\u0442\u0440\u0438\u0446\u0430\u0442\u0435\u043b\u044c\u043d\u0430\u044f",
      "action_flag": 1,
      "change_message": "[{\"added\": {}}]"
   }
},
{
   "model": "admin.logentry",
   "pk": 54,
   "fields": {
      "action_time": "2019-08-19T21:45:57.363Z",
      "user": 1,
      "content_type": 14,
      "object_id": "1",
      "object_repr": "\u0414\u043e\u043f\u0438\u043d\u0433 \u0442\u0435\u0441\u0442\u0438\u0440\u043e\u0432\u0430\u043d\u0438\u0435: \u0422\u042e\u0420\u0418\u041d \u0418\u0413\u041e\u0420\u042c \u0410\u041b\u0415\u041a\u0421\u0410\u041d\u0414\u0420\u041e\u0412\u0418\u0427 (\u0417\u0410\u0412\u0415\u0414\u0423\u042e\u0429\u0418\u0419 \u0425\u0418\u041c\u0418\u041a\u041e-\u0422\u041e\u041a\u0421\u0418\u041a\u041e\u041b\u041e\u0413\u0418\u0427\u0415\u0421\u041a\u041e\u0419 \u041b\u0410\u0411\u041e\u0420\u0410\u0422\u041e\u0420\u0418\u0418)",
      "action_flag": 1,
      "change_message": "[{\"added\": {}}]"
   }
},
{
   "model": "admin.logentry",
   "pk": 55,
   "fields": {
      "action_time": "2019-08-19T21:57:50.898Z",
      "user": 1,
      "content_type": 16,
      "object_id": "1",
      "object_repr": "\u0417\u0430\u044f\u0432\u043a\u0430 \u043d\u0430 \u0432\u0441\u043a\u0440\u044b\u0442\u0438\u0435 \u043f\u0440\u043e\u0431\u044b '\u0411': \u0413\u0430\u0440\u0435\u0446 \u041f\u0430\u0432\u0435\u043b",
      "action_flag": 1,
      "change_message": "[{\"added\": {}}]"
   }
},
{
   "model": "admin.logentry",
   "pk": 56,
   "fields": {
      "action_time": "2019-08-20T15:41:48.637Z",
      "user": 1,
      "content_type": 17,
      "object_id": "1",
      "object_repr": "Document object (1)",
      "action_flag": 1,
      "change_message": "[{\"added\": {}}]"
   }
},
{
   "model": "admin.logentry",
   "pk": 57,
   "fields": {
      "action_time": "2019-08-20T15:42:00.232Z",
      "user": 1,
      "content_type": 17,
      "object_id": "1",
      "object_repr": "Document object (1)",
      "action_flag": 2,
      "change_message": "[]"
   }
},
{
   "model": "admin.logentry",
   "pk": 58,
   "fields": {
      "action_time": "2019-08-20T15:52:48.186Z",
      "user": 1,
      "content_type": 17,
      "object_id": "1",
      "object_repr": "Document object (1)",
      "action_flag": 2,
      "change_message": "[]"
   }
},
{
   "model": "admin.logentry",
   "pk": 59,
   "fields": {
      "action_time": "2019-08-20T19:20:05.666Z",
      "user": 1,
      "content_type": 14,
      "object_id": "1",
      "object_repr": "\u0414\u043e\u043f\u0438\u043d\u0433 \u0442\u0435\u0441\u0442\u0438\u0440\u043e\u0432\u0430\u043d\u0438\u0435: \u0413\u0411\u0423\u0417 \"\u041d\u0418\u0418 \u0421\u043a\u043e\u0440\u043e\u0439 \u043f\u043e\u043c\u043e\u0449\u0438 \u0438\u043c. \u0421\u043a\u043b\u0438\u0444\u043e\u0441\u043e\u0432\u0441\u043a\u043e\u0433\u043e \u0434\u0435\u043f\u0430\u0440\u0442\u0430\u043c\u0435\u043d\u0442\u0430 \u0437\u0434\u0440\u0430\u0432\u043e\u043e\u0445\u0440\u0430\u043d\u0435\u043d\u0438\u044f \u0433. \u041c\u043e\u0441\u043a\u0432\u044b\"",
      "action_flag": 2,
      "change_message": "[{\"changed\": {\"fields\": [\"laboratory\"]}}]"
   }
},
{
   "model": "admin.logentry",
   "pk": 60,
   "fields": {
      "action_time": "2019-08-21T21:23:05.960Z",
      "user": 1,
      "content_type": 16,
      "object_id": "1",
      "object_repr": "\u0417\u0430\u044f\u0432\u043a\u0430 \u043d\u0430 \u0432\u0441\u043a\u0440\u044b\u0442\u0438\u0435 \u043f\u0440\u043e\u0431\u044b '\u0411': \u0413\u0430\u0440\u0435\u0446 \u041f\u0430\u0432\u0435\u043b",
      "action_flag": 2,
      "change_message": "[{\"changed\": {\"fields\": [\"email\"]}}]"
   }
},
{
   "model": "admin.logentry",
   "pk": 61,
   "fields": {
      "action_time": "2019-08-21T21:24:44.076Z",
      "user": 1,
      "content_type": 16,
      "object_id": "1",
      "object_repr": "\u0417\u0430\u044f\u0432\u043a\u0430 \u043d\u0430 \u0432\u0441\u043a\u0440\u044b\u0442\u0438\u0435 \u043f\u0440\u043e\u0431\u044b '\u0411': \u0413\u0430\u0440\u0435\u0446 \u041f\u0430\u0432\u0435\u043b",
      "action_flag": 2,
      "change_message": "[]"
   }
},
{
   "model": "admin.logentry",
   "pk": 62,
   "fields": {
      "action_time": "2019-08-21T21:36:07.100Z",
      "user": 1,
      "content_type": 16,
      "object_id": "2",
      "object_repr": "\u0417\u0430\u044f\u0432\u043a\u0430 \u043d\u0430 \u0432\u0441\u043a\u0440\u044b\u0442\u0438\u0435 \u043f\u0440\u043e\u0431\u044b '\u0411': \u0413\u0430\u0440\u0435\u0446 \u041f\u0430\u0432\u0435\u043b",
      "action_flag": 2,
      "change_message": "[{\"changed\": {\"fields\": [\"status\"]}}]"
   }
},
{
   "model": "admin.logentry",
   "pk": 63,
   "fields": {
      "action_time": "2019-08-21T21:36:11.568Z",
      "user": 1,
      "content_type": 16,
      "object_id": "3",
      "object_repr": "\u0417\u0430\u044f\u0432\u043a\u0430 \u043d\u0430 \u0432\u0441\u043a\u0440\u044b\u0442\u0438\u0435 \u043f\u0440\u043e\u0431\u044b '\u0411': \u0413\u0430\u0440\u0435\u0446 \u041f\u0430\u0432\u0435\u043b",
      "action_flag": 2,
      "change_message": "[{\"changed\": {\"fields\": [\"status\"]}}]"
   }
},
{
   "model": "admin.logentry",
   "pk": 64,
   "fields": {
      "action_time": "2019-08-21T21:52:45.060Z",
      "user": 1,
      "content_type": 14,
      "object_id": "1",
      "object_repr": "\u0414\u043e\u043f\u0438\u043d\u0433 \u0442\u0435\u0441\u0442\u0438\u0440\u043e\u0432\u0430\u043d\u0438\u0435: \u0413\u0411\u0423\u0417 \"\u041d\u0418\u0418 \u0421\u043a\u043e\u0440\u043e\u0439 \u043f\u043e\u043c\u043e\u0449\u0438 \u0438\u043c. \u0421\u043a\u043b\u0438\u0444\u043e\u0441\u043e\u0432\u0441\u043a\u043e\u0433\u043e \u0434\u0435\u043f\u0430\u0440\u0442\u0430\u043c\u0435\u043d\u0442\u0430 \u0437\u0434\u0440\u0430\u0432\u043e\u043e\u0445\u0440\u0430\u043d\u0435\u043d\u0438\u044f \u0433. \u041c\u043e\u0441\u043a\u0432\u044b\"",
      "action_flag": 2,
      "change_message": "[]"
   }
},
{
   "model": "admin.logentry",
   "pk": 65,
   "fields": {
      "action_time": "2019-08-22T07:44:06.918Z",
      "user": 1,
      "content_type": 16,
      "object_id": "5",
      "object_repr": "\u0417\u0430\u044f\u0432\u043a\u0430 \u043d\u0430 \u0432\u0441\u043a\u0440\u044b\u0442\u0438\u0435 \u043f\u0440\u043e\u0431\u044b '\u0411': dsa Gfdtk",
      "action_flag": 2,
      "change_message": "[{\"changed\": {\"fields\": [\"status\"]}}]"
   }
},
{
   "model": "admin.logentry",
   "pk": 66,
   "fields": {
      "action_time": "2019-08-22T08:00:22.926Z",
      "user": 1,
      "content_type": 16,
      "object_id": "3",
      "object_repr": "\u0417\u0430\u044f\u0432\u043a\u0430 \u043d\u0430 \u0432\u0441\u043a\u0440\u044b\u0442\u0438\u0435 \u043f\u0440\u043e\u0431\u044b '\u0411': \u0413\u0430\u0440\u0435\u0446 \u041f\u0430\u0432\u0435\u043b",
      "action_flag": 2,
      "change_message": "[{\"changed\": {\"fields\": [\"status\"]}}]"
   }
},
{
   "model": "admin.logentry",
   "pk": 67,
   "fields": {
      "action_time": "2019-08-22T08:00:28.360Z",
      "user": 1,
      "content_type": 16,
      "object_id": "5",
      "object_repr": "\u0417\u0430\u044f\u0432\u043a\u0430 \u043d\u0430 \u0432\u0441\u043a\u0440\u044b\u0442\u0438\u0435 \u043f\u0440\u043e\u0431\u044b '\u0411': dsa Gfdtk",
      "action_flag": 2,
      "change_message": "[{\"changed\": {\"fields\": [\"status\"]}}]"
   }
},
{
   "model": "admin.logentry",
   "pk": 68,
   "fields": {
      "action_time": "2019-08-22T08:01:46.909Z",
      "user": 1,
      "content_type": 16,
      "object_id": "1",
      "object_repr": "\u0417\u0430\u044f\u0432\u043a\u0430 \u043d\u0430 \u0432\u0441\u043a\u0440\u044b\u0442\u0438\u0435 \u043f\u0440\u043e\u0431\u044b '\u0411': \u0413\u0430\u0440\u0435\u0446 \u041f\u0430\u0432\u0435\u043b",
      "action_flag": 2,
      "change_message": "[{\"changed\": {\"fields\": [\"status\"]}}]"
   }
},
{
   "model": "admin.logentry",
   "pk": 69,
   "fields": {
      "action_time": "2019-08-22T08:01:50.794Z",
      "user": 1,
      "content_type": 16,
      "object_id": "2",
      "object_repr": "\u0417\u0430\u044f\u0432\u043a\u0430 \u043d\u0430 \u0432\u0441\u043a\u0440\u044b\u0442\u0438\u0435 \u043f\u0440\u043e\u0431\u044b '\u0411': \u0413\u0430\u0440\u0435\u0446 \u041f\u0430\u0432\u0435\u043b",
      "action_flag": 2,
      "change_message": "[{\"changed\": {\"fields\": [\"status\"]}}]"
   }
},
{
   "model": "admin.logentry",
   "pk": 70,
   "fields": {
      "action_time": "2019-08-22T08:01:56.131Z",
      "user": 1,
      "content_type": 16,
      "object_id": "3",
      "object_repr": "\u0417\u0430\u044f\u0432\u043a\u0430 \u043d\u0430 \u0432\u0441\u043a\u0440\u044b\u0442\u0438\u0435 \u043f\u0440\u043e\u0431\u044b '\u0411': \u0413\u0430\u0440\u0435\u0446 \u041f\u0430\u0432\u0435\u043b",
      "action_flag": 2,
      "change_message": "[{\"changed\": {\"fields\": [\"status\"]}}]"
   }
},
{
   "model": "admin.logentry",
   "pk": 71,
   "fields": {
      "action_time": "2019-08-22T08:02:02.202Z",
      "user": 1,
      "content_type": 16,
      "object_id": "5",
      "object_repr": "\u0417\u0430\u044f\u0432\u043a\u0430 \u043d\u0430 \u0432\u0441\u043a\u0440\u044b\u0442\u0438\u0435 \u043f\u0440\u043e\u0431\u044b '\u0411': dsa Gfdtk",
      "action_flag": 2,
      "change_message": "[{\"changed\": {\"fields\": [\"status\"]}}]"
   }
},
{
   "model": "admin.logentry",
   "pk": 72,
   "fields": {
      "action_time": "2019-08-22T08:25:22.043Z",
      "user": 1,
      "content_type": 16,
      "object_id": "1",
      "object_repr": "\u0417\u0430\u044f\u0432\u043a\u0430 \u043d\u0430 \u0432\u0441\u043a\u0440\u044b\u0442\u0438\u0435 \u043f\u0440\u043e\u0431\u044b '\u0411': \u041c\u0430\u043b\u044c\u0446\u0435\u0432 \u0414\u043c\u0438\u0442\u0440\u0438\u0439",
      "action_flag": 2,
      "change_message": "[{\"changed\": {\"fields\": [\"first_name\", \"last_name\", \"email\", \"dob\"]}}]"
   }
},
{
   "model": "admin.logentry",
   "pk": 73,
   "fields": {
      "action_time": "2019-08-22T08:26:05.533Z",
      "user": 1,
      "content_type": 16,
      "object_id": "2",
      "object_repr": "\u0417\u0430\u044f\u0432\u043a\u0430 \u043d\u0430 \u0432\u0441\u043a\u0440\u044b\u0442\u0438\u0435 \u043f\u0440\u043e\u0431\u044b '\u0411': \u041a\u043e\u043d\u0441\u0442\u0430\u043d\u0442\u0438\u043d\u043e\u0432 \u0420\u043e\u043c\u0430\u043d",
      "action_flag": 2,
      "change_message": "[{\"changed\": {\"fields\": [\"first_name\", \"last_name\", \"email\", \"dob\"]}}]"
   }
},
{
   "model": "admin.logentry",
   "pk": 74,
   "fields": {
      "action_time": "2019-08-22T08:26:49.328Z",
      "user": 1,
      "content_type": 16,
      "object_id": "3",
      "object_repr": "\u0417\u0430\u044f\u0432\u043a\u0430 \u043d\u0430 \u0432\u0441\u043a\u0440\u044b\u0442\u0438\u0435 \u043f\u0440\u043e\u0431\u044b '\u0411': \u0428\u0435\u0432\u0446\u043e\u0432 \u041e\u043b\u0435\u0433",
      "action_flag": 2,
      "change_message": "[{\"changed\": {\"fields\": [\"first_name\", \"last_name\", \"middle_name\", \"dob\"]}}]"
   }
},
{
   "model": "admin.logentry",
   "pk": 75,
   "fields": {
      "action_time": "2019-08-22T08:26:57.636Z",
      "user": 1,
      "content_type": 16,
      "object_id": "4",
      "object_repr": "\u0417\u0430\u044f\u0432\u043a\u0430 \u043d\u0430 \u0432\u0441\u043a\u0440\u044b\u0442\u0438\u0435 \u043f\u0440\u043e\u0431\u044b '\u0411': \u042d\u0445\u043e \u041f\u0430\u0432\u0435\u043b",
      "action_flag": 2,
      "change_message": "[{\"changed\": {\"fields\": [\"last_name\"]}}]"
   }
},
{
   "model": "admin.logentry",
   "pk": 76,
   "fields": {
      "action_time": "2019-08-22T08:28:01.554Z",
      "user": 1,
      "content_type": 16,
      "object_id": "5",
      "object_repr": "\u0417\u0430\u044f\u0432\u043a\u0430 \u043d\u0430 \u0432\u0441\u043a\u0440\u044b\u0442\u0438\u0435 \u043f\u0440\u043e\u0431\u044b '\u0411': \u0412\u043e\u0440\u043e\u043d\u0438\u043d \u0410\u043b\u0435\u043a\u0441\u0430\u043d\u0434\u0440",
      "action_flag": 2,
      "change_message": "[{\"changed\": {\"fields\": [\"first_name\", \"last_name\", \"middle_name\", \"phone\", \"email\", \"dob\"]}}]"
   }
},
{
   "model": "admin.logentry",
   "pk": 77,
   "fields": {
      "action_time": "2019-08-22T08:28:59.810Z",
      "user": 1,
      "content_type": 16,
      "object_id": "6",
      "object_repr": "\u0417\u0430\u044f\u0432\u043a\u0430 \u043d\u0430 \u0432\u0441\u043a\u0440\u044b\u0442\u0438\u0435 \u043f\u0440\u043e\u0431\u044b '\u0411': \u0416\u0438\u0433\u0443\u043b\u0438\u043d\u0430 \u0415\u043a\u0430\u0442\u0435\u0440\u0438\u043d\u0430",
      "action_flag": 2,
      "change_message": "[{\"changed\": {\"fields\": [\"first_name\", \"last_name\", \"middle_name\", \"phone\", \"email\", \"dob\"]}}]"
   }
},
{
   "model": "admin.logentry",
   "pk": 78,
   "fields": {
      "action_time": "2019-08-27T07:34:40.732Z",
      "user": 1,
      "content_type": 7,
      "object_id": "3",
      "object_repr": "\u041e\u041c\u0422_\u041e\u0440\u0435\u043b_5-6.10.2019",
      "action_flag": 2,
      "change_message": "[{\"changed\": {\"fields\": [\"start_time\"]}}]"
   }
},
{
   "model": "admin.logentry",
   "pk": 79,
   "fields": {
      "action_time": "2019-08-27T07:34:40.737Z",
      "user": 1,
      "content_type": 7,
      "object_id": "2",
      "object_repr": "\u041e\u041c\u0422 \u0411\u0440\u044f\u043d\u0441\u043a",
      "action_flag": 2,
      "change_message": "[{\"changed\": {\"fields\": [\"start_time\"]}}]"
   }
},
{
   "model": "admin.logentry",
   "pk": 80,
   "fields": {
      "action_time": "2019-08-27T07:34:40.743Z",
      "user": 1,
      "content_type": 7,
      "object_id": "1",
      "object_repr": "\u0427\u0435\u043c\u043f\u0438\u043e\u043d\u0430\u0442 \u0426\u0424\u041e",
      "action_flag": 2,
      "change_message": "[{\"changed\": {\"fields\": [\"start_time\"]}}]"
   }
},
{
   "model": "admin.logentry",
   "pk": 81,
   "fields": {
      "action_time": "2019-08-27T11:33:54.413Z",
      "user": 1,
      "content_type": 21,
      "object_id": "1",
      "object_repr": "45 (\u0436\u0435\u043d\u0449\u0438\u043d\u044b)",
      "action_flag": 1,
      "change_message": "[{\"added\": {}}]"
   }
},
{
   "model": "admin.logentry",
   "pk": 82,
   "fields": {
      "action_time": "2019-08-27T11:34:52.484Z",
      "user": 1,
      "content_type": 21,
      "object_id": "1",
      "object_repr": "45 (\u0436\u0435\u043d\u0449\u0438\u043d\u044b)",
      "action_flag": 2,
      "change_message": "[]"
   }
},
{
   "model": "admin.logentry",
   "pk": 83,
   "fields": {
      "action_time": "2019-08-27T11:37:11.874Z",
      "user": 1,
      "content_type": 22,
      "object_id": "1",
      "object_repr": "\u042e\u043d\u043e\u0448\u0438/\u0414\u0435\u0432\u0443\u0448\u043a\u0438",
      "action_flag": 1,
      "change_message": "[{\"added\": {}}]"
   }
},
{
   "model": "admin.logentry",
   "pk": 84,
   "fields": {
      "action_time": "2019-08-27T11:37:38.875Z",
      "user": 1,
      "content_type": 18,
      "object_id": "1",
      "object_repr": "\u0421 \u043f\u0440\u043e\u0445\u043e\u0436\u0434\u0435\u043d\u0438\u0435\u043c \u0434\u043e\u043f\u0438\u043d\u0433-\u0442\u0435\u0441\u0442\u0430",
      "action_flag": 1,
      "change_message": "[{\"added\": {}}]"
   }
},
{
   "model": "admin.logentry",
   "pk": 85,
   "fields": {
      "action_time": "2019-08-27T11:38:06.736Z",
      "user": 1,
      "content_type": 25,
      "object_id": "1",
      "object_repr": "\u0416\u0438\u043c \u043b\u0435\u0436\u0430 \u0431\u0435\u0437 \u044d\u043a\u0438\u043f\u0438\u0440\u043e\u0432\u043a\u0438",
      "action_flag": 1,
      "change_message": "[{\"added\": {}}]"
   }
},
{
   "model": "admin.logentry",
   "pk": 86,
   "fields": {
      "action_time": "2019-08-27T11:38:26.183Z",
      "user": 1,
      "content_type": 23,
      "object_id": "1",
      "object_repr": "\u041b\u0438\u0447\u043d\u043e",
      "action_flag": 1,
      "change_message": "[{\"added\": {}}]"
   }
},
{
   "model": "admin.logentry",
   "pk": 87,
   "fields": {
      "action_time": "2019-08-27T11:38:38.480Z",
      "user": 1,
      "content_type": 19,
      "object_id": "1",
      "object_repr": "\u043c\u0443\u0436",
      "action_flag": 1,
      "change_message": "[{\"added\": {}}]"
   }
},
{
   "model": "admin.logentry",
   "pk": 88,
   "fields": {
      "action_time": "2019-08-27T11:38:43.113Z",
      "user": 1,
      "content_type": 19,
      "object_id": "2",
      "object_repr": "\u0436\u0435\u043d",
      "action_flag": 1,
      "change_message": "[{\"added\": {}}]"
   }
},
{
   "model": "admin.logentry",
   "pk": 89,
   "fields": {
      "action_time": "2019-08-27T11:39:02.181Z",
      "user": 1,
      "content_type": 20,
      "object_id": "1",
      "object_repr": "\u041f\u043e\u0434\u0442\u0432\u0435\u0440\u0436\u0434\u0435\u043d\u043d\u044b\u0439",
      "action_flag": 1,
      "change_message": "[{\"added\": {}}]"
   }
},
{
   "model": "admin.logentry",
   "pk": 90,
   "fields": {
      "action_time": "2019-08-27T15:26:03.469Z",
      "user": 1,
      "content_type": 24,
      "object_id": "1",
      "object_repr": "\u0421\u043f\u043e\u0440\u0442\u0441\u043c\u0435\u043d(\u043a\u0430): \u041f\u0430\u0432\u0435\u043b \u0413\u0430\u0440\u0435\u0446, \u043f\u043e\u0447\u0442\u0430: aspirpd@gmail.com",
      "action_flag": 2,
      "change_message": "[{\"changed\": {\"fields\": [\"status\"]}}]"
   }
},
{
   "model": "admin.logentry",
   "pk": 91,
   "fields": {
      "action_time": "2019-09-03T18:58:25.174Z",
      "user": 1,
      "content_type": 18,
      "object_id": "2",
      "object_repr": "\u0411\u0435\u0437 \u043f\u0440\u043e\u0445\u043e\u0436\u0434\u0435\u043d\u0438\u044f \u0434\u043e\u043f\u0438\u043d\u0433 \u0442\u0435\u0441\u0442\u0430",
      "action_flag": 1,
      "change_message": "[{\"added\": {}}]"
   }
},
{
   "model": "admin.logentry",
   "pk": 92,
   "fields": {
      "action_time": "2019-09-04T12:25:47.263Z",
      "user": 1,
      "content_type": 24,
      "object_id": "17",
      "object_repr": "\u0421\u043f\u043e\u0440\u0442\u0441\u043c\u0435\u043d(\u043a\u0430): data1 data1, \u043f\u043e\u0447\u0442\u0430: data1@gmail.com",
      "action_flag": 2,
      "change_message": "[{\"changed\": {\"fields\": [\"gender\"]}}]"
   }
},
{
   "model": "admin.logentry",
   "pk": 93,
   "fields": {
      "action_time": "2019-09-09T11:38:21.408Z",
      "user": 1,
      "content_type": 24,
      "object_id": "34",
      "object_repr": "\u0421\u043f\u043e\u0440\u0442\u0441\u043c\u0435\u043d(\u043a\u0430): None None, \u043f\u043e\u0447\u0442\u0430: None",
      "action_flag": 1,
      "change_message": "[{\"added\": {}}]"
   }
},
{
   "model": "admin.logentry",
   "pk": 94,
   "fields": {
      "action_time": "2019-09-09T12:14:26.420Z",
      "user": 1,
      "content_type": 24,
      "object_id": "37",
      "object_repr": "\u0421\u043f\u043e\u0440\u0442\u0441\u043c\u0435\u043d(\u043a\u0430): None None, \u043f\u043e\u0447\u0442\u0430: None",
      "action_flag": 1,
      "change_message": "[{\"added\": {}}]"
   }
},
{
   "model": "admin.logentry",
   "pk": 95,
   "fields": {
      "action_time": "2019-09-09T12:14:33.051Z",
      "user": 1,
      "content_type": 24,
      "object_id": "37",
      "object_repr": "\u0421\u043f\u043e\u0440\u0442\u0441\u043c\u0435\u043d(\u043a\u0430): None None, \u043f\u043e\u0447\u0442\u0430: None",
      "action_flag": 2,
      "change_message": "[{\"changed\": {\"fields\": [\"status\"]}}]"
   }
},
{
   "model": "admin.logentry",
   "pk": 96,
   "fields": {
      "action_time": "2019-09-11T11:42:47.754Z",
      "user": 1,
      "content_type": 7,
      "object_id": "3",
      "object_repr": "\u041e\u041c\u0422_\u041e\u0440\u0435\u043b_5-6.10.2019",
      "action_flag": 2,
      "change_message": "[{\"changed\": {\"fields\": [\"description\"]}}]"
   }
},
{
   "model": "admin.logentry",
   "pk": 97,
   "fields": {
      "action_time": "2019-09-16T15:49:25.965Z",
      "user": 1,
      "content_type": 24,
      "object_id": "47",
      "object_repr": "\u0421\u043f\u043e\u0440\u0442\u0441\u043c\u0435\u043d(\u043a\u0430): \u041f\u0430\u0432\u0435\u043b \u0413\u0430\u0440\u0435\u0446, \u043f\u043e\u0447\u0442\u0430: aspirpd@gmail.com",
      "action_flag": 2,
      "change_message": "[{\"changed\": {\"fields\": [\"gender\"]}}]"
   }
},
{
   "model": "admin.logentry",
   "pk": 98,
   "fields": {
      "action_time": "2019-09-16T15:51:24.741Z",
      "user": 1,
      "content_type": 24,
      "object_id": "47",
      "object_repr": "\u0421\u043f\u043e\u0440\u0442\u0441\u043c\u0435\u043d(\u043a\u0430): \u041f\u0430\u0432\u0435\u043b \u0413\u0430\u0440\u0435\u0446, \u043f\u043e\u0447\u0442\u0430: aspirpd@gmail.com",
      "action_flag": 2,
      "change_message": "[{\"changed\": {\"fields\": [\"status\", \"is_active\"]}}]"
   }
},
{
   "model": "admin.logentry",
   "pk": 99,
   "fields": {
      "action_time": "2019-09-17T00:15:35.804Z",
      "user": 1,
      "content_type": 19,
      "object_id": "3",
      "object_repr": "\u043d\\\u043e",
      "action_flag": 1,
      "change_message": "[{\"added\": {}}]"
   }
},
{
   "model": "admin.logentry",
   "pk": 100,
   "fields": {
      "action_time": "2019-09-17T01:36:30.354Z",
      "user": 1,
      "content_type": 24,
      "object_id": "49",
      "object_repr": "\u0421\u043f\u043e\u0440\u0442\u0441\u043c\u0435\u043d(\u043a\u0430): Autoprefixer Autoprefixer, \u043f\u043e\u0447\u0442\u0430: Autoprefixer@gmail.com",
      "action_flag": 2,
      "change_message": "[{\"changed\": {\"fields\": [\"division\", \"discipline\", \"tournament\"]}}]"
   }
},
{
   "model": "admin.logentry",
   "pk": 101,
   "fields": {
      "action_time": "2019-09-22T02:18:17.323Z",
      "user": 1,
      "content_type": 26,
      "object_id": "1",
      "object_repr": "1",
      "action_flag": 1,
      "change_message": "[{\"added\": {}}]"
   }
},
{
   "model": "admin.logentry",
   "pk": 102,
   "fields": {
      "action_time": "2019-09-22T02:18:20.226Z",
      "user": 1,
      "content_type": 26,
      "object_id": "2",
      "object_repr": "2",
      "action_flag": 1,
      "change_message": "[{\"added\": {}}]"
   }
},
{
   "model": "admin.logentry",
   "pk": 103,
   "fields": {
      "action_time": "2019-09-22T02:18:22.144Z",
      "user": 1,
      "content_type": 26,
      "object_id": "3",
      "object_repr": "3",
      "action_flag": 1,
      "change_message": "[{\"added\": {}}]"
   }
},
{
   "model": "admin.logentry",
   "pk": 104,
   "fields": {
      "action_time": "2019-09-22T02:18:24.856Z",
      "user": 1,
      "content_type": 26,
      "object_id": "4",
      "object_repr": "4",
      "action_flag": 1,
      "change_message": "[{\"added\": {}}]"
   }
},
{
   "model": "admin.logentry",
   "pk": 105,
   "fields": {
      "action_time": "2019-09-22T02:19:09.798Z",
      "user": 1,
      "content_type": 27,
      "object_id": "1",
      "object_repr": "Test: test@gmal.com",
      "action_flag": 2,
      "change_message": "[{\"changed\": {\"fields\": [\"age\"]}}]"
   }
},
{
   "model": "admin.logentry",
   "pk": 106,
   "fields": {
      "action_time": "2019-09-22T03:03:19.794Z",
      "user": 1,
      "content_type": 20,
      "object_id": "2",
      "object_repr": "\u041d\u0435 \u043f\u043e\u0434\u0442\u0432\u0435\u0440\u0436\u0434\u0435\u043d\u043d\u044b\u0439",
      "action_flag": 1,
      "change_message": "[{\"added\": {}}]"
   }
},
{
   "model": "admin.logentry",
   "pk": 107,
   "fields": {
      "action_time": "2019-09-22T03:03:58.197Z",
      "user": 1,
      "content_type": 20,
      "object_id": "3",
      "object_repr": "\u0414\u0438\u0441\u043a\u0432\u0430\u043b\u0438\u0444\u0438\u0446\u0438\u0440\u043e\u0432\u0430\u043d\u043d\u044b\u0439",
      "action_flag": 1,
      "change_message": "[{\"added\": {}}]"
   }
},
{
   "model": "admin.logentry",
   "pk": 108,
   "fields": {
      "action_time": "2019-09-22T03:04:19.328Z",
      "user": 1,
      "content_type": 20,
      "object_id": "4",
      "object_repr": "\u041e\u0436\u0438\u0434\u0430\u0435\u0442",
      "action_flag": 1,
      "change_message": "[{\"added\": {}}]"
   }
},
{
   "model": "admin.logentry",
   "pk": 109,
   "fields": {
      "action_time": "2019-09-22T18:44:01.307Z",
      "user": 1,
      "content_type": 22,
      "object_id": "1",
      "object_repr": "\u042e\u043d\u043e\u0448\u0438/\u0414\u0435\u0432\u0443\u0448\u043a\u0438 (14-18 \u043b\u0435\u0442)",
      "action_flag": 2,
      "change_message": "[{\"changed\": {\"fields\": [\"name\"]}}]"
   }
},
{
   "model": "admin.logentry",
   "pk": 110,
   "fields": {
      "action_time": "2019-09-22T18:44:33.179Z",
      "user": 1,
      "content_type": 22,
      "object_id": "2",
      "object_repr": "\u042e\u043d\u0438\u043e\u0440\u044b (19-23 \u043b\u0435\u0442)",
      "action_flag": 1,
      "change_message": "[{\"added\": {}}]"
   }
},
{
   "model": "admin.logentry",
   "pk": 111,
   "fields": {
      "action_time": "2019-09-22T18:44:53.042Z",
      "user": 1,
      "content_type": 22,
      "object_id": "3",
      "object_repr": "\u041e\u0442\u043a\u0440\u044b\u0442\u0430\u044f (24-39 \u043b\u0435\u0442)",
      "action_flag": 1,
      "change_message": "[{\"added\": {}}]"
   }
},
{
   "model": "admin.logentry",
   "pk": 112,
   "fields": {
      "action_time": "2019-09-22T18:45:24.057Z",
      "user": 1,
      "content_type": 22,
      "object_id": "4",
      "object_repr": "\u0412\u0435\u0442\u0435\u0440\u0430\u043d\u044b I \u0433\u0440. (40-49 \u043b\u0435\u0442)",
      "action_flag": 1,
      "change_message": "[{\"added\": {}}]"
   }
},
{
   "model": "admin.logentry",
   "pk": 113,
   "fields": {
      "action_time": "2019-09-22T18:45:39.830Z",
      "user": 1,
      "content_type": 22,
      "object_id": "5",
      "object_repr": "\u0412\u0435\u0442\u0435\u0440\u0430\u043d\u044b II \u0433\u0440. (50-59 \u043b\u0435\u0442)",
      "action_flag": 1,
      "change_message": "[{\"added\": {}}]"
   }
},
{
   "model": "admin.logentry",
   "pk": 114,
   "fields": {
      "action_time": "2019-09-22T18:46:11.188Z",
      "user": 1,
      "content_type": 22,
      "object_id": "6",
      "object_repr": "\u0412\u0435\u0442\u0435\u0440\u0430\u043d\u044b III \u0433\u0440. (60-69 \u043b\u0435\u0442)",
      "action_flag": 1,
      "change_message": "[{\"added\": {}}]"
   }
},
{
   "model": "admin.logentry",
   "pk": 115,
   "fields": {
      "action_time": "2019-09-22T18:46:32.672Z",
      "user": 1,
      "content_type": 22,
      "object_id": "7",
      "object_repr": "\u0412\u0435\u0442\u0435\u0440\u0430\u043d\u044b IV \u0433\u0440. (70 \u043b\u0435\u0442 \u0438 \u0441\u0442\u0430\u0440\u0448\u0435)",
      "action_flag": 1,
      "change_message": "[{\"added\": {}}]"
   }
},
{
   "model": "admin.logentry",
   "pk": 116,
   "fields": {
      "action_time": "2019-09-22T18:47:53.474Z",
      "user": 1,
      "content_type": 25,
      "object_id": "2",
      "object_repr": "\u0416\u0438\u043c \u043b\u0435\u0436\u0430 \u0432 \u043e\u0434\u043d\u043e\u0441\u043b\u043e\u0439\u043d\u043e\u0439 \u044d\u043a\u0438\u043f\u0438\u0440\u043e\u0432\u043a\u0435",
      "action_flag": 1,
      "change_message": "[{\"added\": {}}]"
   }
},
{
   "model": "admin.logentry",
   "pk": 117,
   "fields": {
      "action_time": "2019-09-22T18:48:03.440Z",
      "user": 1,
      "content_type": 25,
      "object_id": "3",
      "object_repr": "\u0421\u0442\u0430\u043d\u043e\u0432\u0430\u044f \u0442\u044f\u0433\u0430 \u0431\u0435\u0437 \u044d\u043a\u0438\u043f\u0438\u0440\u043e\u0432\u043a\u0438",
      "action_flag": 1,
      "change_message": "[{\"added\": {}}]"
   }
},
{
   "model": "admin.logentry",
   "pk": 118,
   "fields": {
      "action_time": "2019-09-22T18:48:09.738Z",
      "user": 1,
      "content_type": 25,
      "object_id": "4",
      "object_repr": "\u0421\u0442\u0430\u043d\u043e\u0432\u0430\u044f \u0442\u044f\u0433\u0430 \u0432 \u043e\u0434\u043d\u043e\u0441\u043b\u043e\u0439\u043d\u043e\u0439 \u044d\u043a\u0438\u043f\u0438\u0440\u043e\u0432\u043a\u0435",
      "action_flag": 1,
      "change_message": "[{\"added\": {}}]"
   }
},
{
   "model": "admin.logentry",
   "pk": 119,
   "fields": {
      "action_time": "2019-09-22T18:48:17.437Z",
      "user": 1,
      "content_type": 25,
      "object_id": "5",
      "object_repr": "\u041f\u0430\u0443\u044d\u0440\u043b\u0438\u0444\u0442\u0438\u043d\u0433 \u0431\u0435\u0437 \u044d\u043a\u0438\u043f\u0438\u0440\u043e\u0432\u043a\u0438",
      "action_flag": 1,
      "change_message": "[{\"added\": {}}]"
   }
},
{
   "model": "admin.logentry",
   "pk": 120,
   "fields": {
      "action_time": "2019-09-22T18:48:25.021Z",
      "user": 1,
      "content_type": 25,
      "object_id": "6",
      "object_repr": "\u041f\u0430\u0443\u044d\u0440\u043b\u0438\u0444\u0442\u0438\u043d\u0433 \u043a\u043b\u0430\u0441\u0441\u0438\u0447\u0435\u0441\u043a\u0438\u0439 (\u0441 \u043f\u0440\u0438\u043c\u0435\u043d\u0435\u043d\u0438\u0435\u043c \u043a\u043e\u043b\u0435\u043d\u043d\u044b\u0445 \u0431\u0438\u043d\u0442\u043e\u0432)",
      "action_flag": 1,
      "change_message": "[{\"added\": {}}]"
   }
},
{
   "model": "admin.logentry",
   "pk": 121,
   "fields": {
      "action_time": "2019-09-22T18:48:41.694Z",
      "user": 1,
      "content_type": 25,
      "object_id": "6",
      "object_repr": "\u041f\u0430\u0443\u044d\u0440\u043b\u0438\u0444\u0442\u0438\u043d\u0433 \u043a\u043b\u0430\u0441\u0441\u0438\u0447\u0435\u0441\u043a\u0438\u0439 (\u0441 \u043f\u0440\u0438\u043c-\u0435\u043c \u043a\u043e\u043b\u0435\u043d\u043d\u044b\u0445 \u0431\u0438\u043d\u0442\u043e\u0432)",
      "action_flag": 2,
      "change_message": "[{\"changed\": {\"fields\": [\"name\"]}}]"
   }
},
{
   "model": "admin.logentry",
   "pk": 122,
   "fields": {
      "action_time": "2019-09-22T18:48:51.891Z",
      "user": 1,
      "content_type": 25,
      "object_id": "7",
      "object_repr": "\u041f\u0430\u0443\u044d\u0440\u043b\u0438\u0444\u0442\u0438\u043d\u0433 \u0432 \u043e\u0434\u043d\u043e\u0441\u043b\u043e\u0439\u043d\u043e\u0439 \u044d\u043a\u0438\u043f\u0438\u0440\u043e\u0432\u043a\u0435",
      "action_flag": 1,
      "change_message": "[{\"added\": {}}]"
   }
},
{
   "model": "admin.logentry",
   "pk": 123,
   "fields": {
      "action_time": "2019-09-22T18:48:58.850Z",
      "user": 1,
      "content_type": 25,
      "object_id": "8",
      "object_repr": "\u0414\u0432\u043e\u0435\u0431\u043e\u0440\u044c\u0435 (\u0436\u0438\u043c+\u0442\u044f\u0433\u0430)",
      "action_flag": 1,
      "change_message": "[{\"added\": {}}]"
   }
},
{
   "model": "admin.logentry",
   "pk": 124,
   "fields": {
      "action_time": "2019-09-22T18:49:09.034Z",
      "user": 1,
      "content_type": 25,
      "object_id": "9",
      "object_repr": "\u0414\u0432\u043e\u0435\u0431\u043e\u0440\u044c\u0435 \u0432 \u043e\u0434\u043d\u043e\u0441\u043b\u043e\u0439\u043d\u043e\u0439 \u044d\u043a\u0438\u043f\u0438\u0440\u043e\u0432\u043a\u0435 (\u0436\u0438\u043c+\u0442\u044f\u0433\u0430)",
      "action_flag": 1,
      "change_message": "[{\"added\": {}}]"
   }
},
{
   "model": "admin.logentry",
   "pk": 125,
   "fields": {
      "action_time": "2019-09-22T18:49:22.326Z",
      "user": 1,
      "content_type": 25,
      "object_id": "10",
      "object_repr": "\u0421\u0438\u043b\u043e\u0432\u043e\u0435 \u0434\u0432\u043e\u0435\u0431\u043e\u0440\u044c\u0435",
      "action_flag": 1,
      "change_message": "[{\"added\": {}}]"
   }
},
{
   "model": "admin.logentry",
   "pk": 126,
   "fields": {
      "action_time": "2019-09-22T18:49:45.069Z",
      "user": 1,
      "content_type": 25,
      "object_id": "11",
      "object_repr": "\u0421\u0438\u043b\u043e\u0432\u043e\u0435 \u0434\u0432\u043e\u0435\u0431\u043e\u0440\u044c\u0435 \u043a\u043b\u0430\u0441\u0441\u0438\u0447\u0435\u0441\u043a\u043e\u0435 (\u0441 \u043f\u0440\u0438\u043c-\u0435\u043c \u043a\u043e\u043b\u0435\u043d\u043d\u044b\u0445 \u0431\u0438\u043d\u0442\u043e\u0432)",
      "action_flag": 1,
      "change_message": "[{\"added\": {}}]"
   }
},
{
   "model": "admin.logentry",
   "pk": 127,
   "fields": {
      "action_time": "2019-09-22T18:49:58.778Z",
      "user": 1,
      "content_type": 25,
      "object_id": "12",
      "object_repr": "\u0421\u0438\u043b\u043e\u0432\u043e\u0435 \u0434\u0432\u043e\u0435\u0431\u043e\u0440\u044c\u0435 \u0432 \u043e\u0434\u043d\u043e\u0441\u043b\u043e\u0439\u043d\u043e\u0439 \u044d\u043a\u0438\u043f\u0438\u0440\u043e\u0432\u043a\u0435 (\u043f\u0440\u0438\u0441\u0435\u0434+\u0442\u044f\u0433\u0430)",
      "action_flag": 1,
      "change_message": "[{\"added\": {}}]"
   }
},
{
   "model": "admin.logentry",
   "pk": 128,
   "fields": {
      "action_time": "2019-09-22T18:50:10.151Z",
      "user": 1,
      "content_type": 25,
      "object_id": "13",
      "object_repr": "\u0416\u0438\u043c \u043b\u0435\u0436\u0430 \u0421\u0424\u041e",
      "action_flag": 1,
      "change_message": "[{\"added\": {}}]"
   }
},
{
   "model": "admin.logentry",
   "pk": 129,
   "fields": {
      "action_time": "2019-09-22T18:51:20.150Z",
      "user": 1,
      "content_type": 21,
      "object_id": "2",
      "object_repr": "50 (\u0436\u0435\u043d\u0449\u0438\u043d\u044b)",
      "action_flag": 1,
      "change_message": "[{\"added\": {}}]"
   }
},
{
   "model": "admin.logentry",
   "pk": 130,
   "fields": {
      "action_time": "2019-09-22T18:51:34.852Z",
      "user": 1,
      "content_type": 21,
      "object_id": "3",
      "object_repr": "55 (\u0436\u0435\u043d\u0449\u0438\u043d\u044b)",
      "action_flag": 1,
      "change_message": "[{\"added\": {}}]"
   }
},
{
   "model": "admin.logentry",
   "pk": 131,
   "fields": {
      "action_time": "2019-09-22T18:51:42.353Z",
      "user": 1,
      "content_type": 21,
      "object_id": "4",
      "object_repr": "60 (\u0436\u0435\u043d\u0449\u0438\u043d\u044b)",
      "action_flag": 1,
      "change_message": "[{\"added\": {}}]"
   }
},
{
   "model": "admin.logentry",
   "pk": 132,
   "fields": {
      "action_time": "2019-09-22T18:51:50.040Z",
      "user": 1,
      "content_type": 21,
      "object_id": "5",
      "object_repr": "65 (\u0436\u0435\u043d\u0449\u0438\u043d\u044b)",
      "action_flag": 1,
      "change_message": "[{\"added\": {}}]"
   }
},
{
   "model": "admin.logentry",
   "pk": 133,
   "fields": {
      "action_time": "2019-09-22T18:51:57.913Z",
      "user": 1,
      "content_type": 21,
      "object_id": "6",
      "object_repr": "70 (\u0436\u0435\u043d\u0449\u0438\u043d\u044b)",
      "action_flag": 1,
      "change_message": "[{\"added\": {}}]"
   }
},
{
   "model": "admin.logentry",
   "pk": 134,
   "fields": {
      "action_time": "2019-09-22T18:52:03.611Z",
      "user": 1,
      "content_type": 21,
      "object_id": "7",
      "object_repr": "75 (\u0436\u0435\u043d\u0449\u0438\u043d\u044b)",
      "action_flag": 1,
      "change_message": "[{\"added\": {}}]"
   }
},
{
   "model": "admin.logentry",
   "pk": 135,
   "fields": {
      "action_time": "2019-09-22T18:52:09.660Z",
      "user": 1,
      "content_type": 21,
      "object_id": "8",
      "object_repr": "80 (\u0436\u0435\u043d\u0449\u0438\u043d\u044b)",
      "action_flag": 1,
      "change_message": "[{\"added\": {}}]"
   }
},
{
   "model": "admin.logentry",
   "pk": 136,
   "fields": {
      "action_time": "2019-09-22T18:52:18.330Z",
      "user": 1,
      "content_type": 21,
      "object_id": "9",
      "object_repr": "85 (\u0436\u0435\u043d\u0449\u0438\u043d\u044b)",
      "action_flag": 1,
      "change_message": "[{\"added\": {}}]"
   }
},
{
   "model": "admin.logentry",
   "pk": 137,
   "fields": {
      "action_time": "2019-09-22T18:52:30.418Z",
      "user": 1,
      "content_type": 21,
      "object_id": "10",
      "object_repr": "85+ (\u0436\u0435\u043d\u0449\u0438\u043d\u044b)",
      "action_flag": 1,
      "change_message": "[{\"added\": {}}]"
   }
},
{
   "model": "admin.logentry",
   "pk": 138,
   "fields": {
      "action_time": "2019-09-22T18:55:38.922Z",
      "user": 1,
      "content_type": 21,
      "object_id": "11",
      "object_repr": "55 (\u043c\u0443\u0436\u0447\u0438\u043d\u044b)",
      "action_flag": 1,
      "change_message": "[{\"added\": {}}]"
   }
},
{
   "model": "admin.logentry",
   "pk": 139,
   "fields": {
      "action_time": "2019-09-22T18:55:45.337Z",
      "user": 1,
      "content_type": 21,
      "object_id": "12",
      "object_repr": "60 (\u043c\u0443\u0436\u0447\u0438\u043d\u044b)",
      "action_flag": 1,
      "change_message": "[{\"added\": {}}]"
   }
},
{
   "model": "admin.logentry",
   "pk": 140,
   "fields": {
      "action_time": "2019-09-22T18:55:51.442Z",
      "user": 1,
      "content_type": 21,
      "object_id": "13",
      "object_repr": "65 (\u043c\u0443\u0436\u0447\u0438\u043d\u044b)",
      "action_flag": 1,
      "change_message": "[{\"added\": {}}]"
   }
},
{
   "model": "admin.logentry",
   "pk": 141,
   "fields": {
      "action_time": "2019-09-22T18:55:58.818Z",
      "user": 1,
      "content_type": 21,
      "object_id": "14",
      "object_repr": "75 (\u043c\u0443\u0436\u0447\u0438\u043d\u044b)",
      "action_flag": 1,
      "change_message": "[{\"added\": {}}]"
   }
},
{
   "model": "admin.logentry",
   "pk": 142,
   "fields": {
      "action_time": "2019-09-22T18:56:04.518Z",
      "user": 1,
      "content_type": 21,
      "object_id": "15",
      "object_repr": "85 (\u043c\u0443\u0436\u0447\u0438\u043d\u044b)",
      "action_flag": 1,
      "change_message": "[{\"added\": {}}]"
   }
},
{
   "model": "admin.logentry",
   "pk": 143,
   "fields": {
      "action_time": "2019-09-22T18:56:11.913Z",
      "user": 1,
      "content_type": 21,
      "object_id": "16",
      "object_repr": "95 (\u043c\u0443\u0436\u0447\u0438\u043d\u044b)",
      "action_flag": 1,
      "change_message": "[{\"added\": {}}]"
   }
},
{
   "model": "admin.logentry",
   "pk": 144,
   "fields": {
      "action_time": "2019-09-22T18:56:18.419Z",
      "user": 1,
      "content_type": 21,
      "object_id": "17",
      "object_repr": "105 (\u043c\u0443\u0436\u0447\u0438\u043d\u044b)",
      "action_flag": 1,
      "change_message": "[{\"added\": {}}]"
   }
},
{
   "model": "admin.logentry",
   "pk": 145,
   "fields": {
      "action_time": "2019-09-22T18:56:24.065Z",
      "user": 1,
      "content_type": 21,
      "object_id": "18",
      "object_repr": "120 (\u043c\u0443\u0436\u0447\u0438\u043d\u044b)",
      "action_flag": 1,
      "change_message": "[{\"added\": {}}]"
   }
},
{
   "model": "admin.logentry",
   "pk": 146,
   "fields": {
      "action_time": "2019-09-22T18:56:29.679Z",
      "user": 1,
      "content_type": 21,
      "object_id": "19",
      "object_repr": "135 (\u043c\u0443\u0436\u0447\u0438\u043d\u044b)",
      "action_flag": 1,
      "change_message": "[{\"added\": {}}]"
   }
},
{
   "model": "admin.logentry",
   "pk": 147,
   "fields": {
      "action_time": "2019-09-22T18:56:36.155Z",
      "user": 1,
      "content_type": 21,
      "object_id": "20",
      "object_repr": "135+ (\u043c\u0443\u0436\u0447\u0438\u043d\u044b)",
      "action_flag": 1,
      "change_message": "[{\"added\": {}}]"
   }
},
{
   "model": "admin.logentry",
   "pk": 148,
   "fields": {
      "action_time": "2019-09-22T19:03:03.839Z",
      "user": 1,
      "content_type": 25,
      "object_id": "12",
      "object_repr": "\u0421\u0438\u043b\u043e\u0432\u043e\u0435 \u0434\u0432\u043e\u0435\u0431\u043e\u0440\u044c\u0435 \u0432 \u043e\u0434\u043d\u043e\u0441\u043b\u043e\u0439\u043d\u043e\u0439 \u044d\u043a\u0438\u043f\u0438\u0440\u043e\u0432\u043a\u0435",
      "action_flag": 2,
      "change_message": "[{\"changed\": {\"fields\": [\"name\"]}}]"
   }
},
{
   "model": "admin.logentry",
   "pk": 149,
   "fields": {
      "action_time": "2019-09-22T19:03:19.517Z",
      "user": 1,
      "content_type": 25,
      "object_id": "11",
      "object_repr": "\u0421\u0438\u043b\u043e\u0432\u043e\u0435 \u0434\u0432\u043e\u0435\u0431\u043e\u0440\u044c\u0435 \u043a\u043b\u0430\u0441\u0441\u0438\u0447\u0435\u0441\u043a\u043e\u0435 \u0441 \u043f\u0440\u0438\u043c-\u0435\u043c \u043a\u043e\u043b\u0435\u043d\u043d\u044b\u0445 \u0431\u0438\u043d\u0442\u043e\u0432",
      "action_flag": 2,
      "change_message": "[{\"changed\": {\"fields\": [\"name\"]}}]"
   }
},
{
   "model": "admin.logentry",
   "pk": 150,
   "fields": {
      "action_time": "2019-09-22T19:03:32.077Z",
      "user": 1,
      "content_type": 25,
      "object_id": "11",
      "object_repr": "\u0421\u0438\u043b\u043e\u0432\u043e\u0435 \u0434\u0432\u043e\u0435\u0431\u043e\u0440\u044c\u0435 \u043a\u043b\u0430\u0441\u0441\u0438\u0447\u0435\u0441\u043a\u043e\u0435",
      "action_flag": 2,
      "change_message": "[{\"changed\": {\"fields\": [\"name\"]}}]"
   }
},
{
   "model": "admin.logentry",
   "pk": 151,
   "fields": {
      "action_time": "2019-09-22T19:03:38.866Z",
      "user": 1,
      "content_type": 25,
      "object_id": "9",
      "object_repr": "\u0414\u0432\u043e\u0435\u0431\u043e\u0440\u044c\u0435 \u0432 \u043e\u0434\u043d\u043e\u0441\u043b\u043e\u0439\u043d\u043e\u0439 \u044d\u043a\u0438\u043f\u0438\u0440\u043e\u0432\u043a\u0435",
      "action_flag": 2,
      "change_message": "[{\"changed\": {\"fields\": [\"name\"]}}]"
   }
},
{
   "model": "admin.logentry",
   "pk": 152,
   "fields": {
      "action_time": "2019-09-22T19:03:44.766Z",
      "user": 1,
      "content_type": 25,
      "object_id": "6",
      "object_repr": "\u041f\u0430\u0443\u044d\u0440\u043b\u0438\u0444\u0442\u0438\u043d\u0433 \u043a\u043b\u0430\u0441\u0441\u0438\u0447\u0435\u0441\u043a\u0438\u0439",
      "action_flag": 2,
      "change_message": "[{\"changed\": {\"fields\": [\"name\"]}}]"
   }
},
{
   "model": "admin.logentry",
   "pk": 153,
   "fields": {
      "action_time": "2019-09-22T19:03:50.438Z",
      "user": 1,
      "content_type": 25,
      "object_id": "8",
      "object_repr": "\u0414\u0432\u043e\u0435\u0431\u043e\u0440\u044c\u0435",
      "action_flag": 2,
      "change_message": "[{\"changed\": {\"fields\": [\"name\"]}}]"
   }
},
{
   "model": "admin.logentry",
   "pk": 154,
   "fields": {
      "action_time": "2019-09-22T19:30:35.871Z",
      "user": 1,
      "content_type": 24,
      "object_id": "66",
      "object_repr": "\u0421\u043f\u043e\u0440\u0442\u0441\u043c\u0435\u043d(\u043a\u0430): \u041f\u0430\u0432\u0435\u043b \u042d\u0445\u043e, \u043f\u043e\u0447\u0442\u0430: aspirpd@gmail.com",
      "action_flag": 2,
      "change_message": "[{\"changed\": {\"fields\": [\"status\", \"is_active\"]}}]"
   }
},
{
   "model": "admin.logentry",
   "pk": 155,
   "fields": {
      "action_time": "2019-09-22T20:01:18.986Z",
      "user": 1,
      "content_type": 21,
      "object_id": "8",
      "object_repr": "80 (\u0436\u0435\u043d\u0449\u0438\u043d\u044b)",
      "action_flag": 2,
      "change_message": "[{\"changed\": {\"fields\": [\"is_active\"]}}]"
   }
},
{
   "model": "admin.logentry",
   "pk": 156,
   "fields": {
      "action_time": "2019-09-22T20:01:18.990Z",
      "user": 1,
      "content_type": 21,
      "object_id": "6",
      "object_repr": "70 (\u0436\u0435\u043d\u0449\u0438\u043d\u044b)",
      "action_flag": 2,
      "change_message": "[{\"changed\": {\"fields\": [\"is_active\"]}}]"
   }
},
{
   "model": "admin.logentry",
   "pk": 157,
   "fields": {
      "action_time": "2019-09-22T21:03:24.280Z",
      "user": 1,
      "content_type": 29,
      "object_id": "1",
      "object_repr": "\u0423\u0432\u0435\u0434\u043e\u043c\u043b\u0435\u043d\u0438\u0435 \u0430\u0434\u043c\u0438\u043d\u0438\u0441\u0442\u0440\u0430\u0442\u043e\u0440\u0443",
      "action_flag": 1,
      "change_message": "[{\"added\": {}}]"
   }
},
{
   "model": "admin.logentry",
   "pk": 158,
   "fields": {
      "action_time": "2019-09-22T21:03:34.815Z",
      "user": 1,
      "content_type": 29,
      "object_id": "2",
      "object_repr": "\u0423\u0432\u0435\u0434\u043e\u043c\u043b\u0435\u043d\u0438\u0435 \u043a\u043b\u0438\u0435\u043d\u0442\u0443",
      "action_flag": 1,
      "change_message": "[{\"added\": {}}]"
   }
},
{
   "model": "admin.logentry",
   "pk": 159,
   "fields": {
      "action_time": "2019-09-22T21:09:03.617Z",
      "user": 1,
      "content_type": 24,
      "object_id": "67",
      "object_repr": "\u0421\u043f\u043e\u0440\u0442\u0441\u043c\u0435\u043d(\u043a\u0430): \u041f\u0430\u0432\u0435\u043b \u042d\u0445\u043e, \u043f\u043e\u0447\u0442\u0430: aspirpd@gmail.com",
      "action_flag": 2,
      "change_message": "[{\"changed\": {\"fields\": [\"status\"]}}]"
   }
},
{
   "model": "admin.logentry",
   "pk": 160,
   "fields": {
      "action_time": "2019-10-17T18:43:11.392Z",
      "user": 1,
      "content_type": 13,
      "object_id": "1",
      "object_repr": "\u0422\u0440\u0430\u043d\u0441\u043b\u044f\u0446\u0438\u044f \u0441\u043e\u0440\u0435\u0432\u043d\u043e\u0432\u0430\u043d\u0438\u0439: \u041e\u0442\u043a\u0440\u044b\u0442\u044b\u0439 \u043c\u0430\u0441\u0442\u0435\u0440\u0441\u043a\u0438\u0439 \u0442\u0443\u0440\u043d\u0438\u0440 \u00abFortior est Ferrum\u00bb, \u0433. \u041e\u0440\u0435\u043b",
      "action_flag": 2,
      "change_message": "[{\"changed\": {\"fields\": [\"is_active\"]}}]"
   }
},
{
   "model": "admin.logentry",
   "pk": 161,
   "fields": {
      "action_time": "2019-10-17T18:44:56.695Z",
      "user": 1,
      "content_type": 13,
      "object_id": "1",
      "object_repr": "\u0422\u0440\u0430\u043d\u0441\u043b\u044f\u0446\u0438\u044f \u0441\u043e\u0440\u0435\u0432\u043d\u043e\u0432\u0430\u043d\u0438\u0439: \u041e\u0442\u043a\u0440\u044b\u0442\u044b\u0439 \u043c\u0430\u0441\u0442\u0435\u0440\u0441\u043a\u0438\u0439 \u0442\u0443\u0440\u043d\u0438\u0440 \u00abFortior est Ferrum\u00bb, \u0433. \u041e\u0440\u0435\u043b",
      "action_flag": 2,
      "change_message": "[{\"changed\": {\"fields\": [\"is_active\"]}}]"
   }
},
{
   "model": "admin.logentry",
   "pk": 162,
   "fields": {
      "action_time": "2019-10-17T18:46:53.174Z",
      "user": 1,
      "content_type": 13,
      "object_id": "1",
      "object_repr": "\u0422\u0440\u0430\u043d\u0441\u043b\u044f\u0446\u0438\u044f \u0441\u043e\u0440\u0435\u0432\u043d\u043e\u0432\u0430\u043d\u0438\u0439: \u041e\u0442\u043a\u0440\u044b\u0442\u044b\u0439 \u043c\u0430\u0441\u0442\u0435\u0440\u0441\u043a\u0438\u0439 \u0442\u0443\u0440\u043d\u0438\u0440 \u00abFortior est Ferrum\u00bb, \u0433. \u041e\u0440\u0435\u043b",
      "action_flag": 2,
      "change_message": "[{\"changed\": {\"fields\": [\"is_active\"]}}]"
   }
},
{
   "model": "admin.logentry",
   "pk": 163,
   "fields": {
      "action_time": "2019-10-17T18:48:50.958Z",
      "user": 1,
      "content_type": 13,
      "object_id": "1",
      "object_repr": "\u0422\u0440\u0430\u043d\u0441\u043b\u044f\u0446\u0438\u044f \u0441\u043e\u0440\u0435\u0432\u043d\u043e\u0432\u0430\u043d\u0438\u0439: \u041e\u0442\u043a\u0440\u044b\u0442\u044b\u0439 \u043c\u0430\u0441\u0442\u0435\u0440\u0441\u043a\u0438\u0439 \u0442\u0443\u0440\u043d\u0438\u0440 \u00abFortior est Ferrum\u00bb, \u0433. \u041e\u0440\u0435\u043b",
      "action_flag": 2,
      "change_message": "[{\"changed\": {\"fields\": [\"is_active\"]}}]"
   }
},
{
   "model": "admin.logentry",
   "pk": 164,
   "fields": {
      "action_time": "2019-10-17T18:49:19.937Z",
      "user": 1,
      "content_type": 13,
      "object_id": "1",
      "object_repr": "\u0422\u0440\u0430\u043d\u0441\u043b\u044f\u0446\u0438\u044f \u0441\u043e\u0440\u0435\u0432\u043d\u043e\u0432\u0430\u043d\u0438\u0439: \u041e\u0442\u043a\u0440\u044b\u0442\u044b\u0439 \u043c\u0430\u0441\u0442\u0435\u0440\u0441\u043a\u0438\u0439 \u0442\u0443\u0440\u043d\u0438\u0440 \u00abFortior est Ferrum\u00bb, \u0433. \u041e\u0440\u0435\u043b",
      "action_flag": 2,
      "change_message": "[{\"changed\": {\"fields\": [\"is_active\"]}}]"
   }
},
{
   "model": "admin.logentry",
   "pk": 165,
   "fields": {
      "action_time": "2019-10-17T18:52:38.190Z",
      "user": 1,
      "content_type": 13,
      "object_id": "1",
      "object_repr": "\u0422\u0440\u0430\u043d\u0441\u043b\u044f\u0446\u0438\u044f \u0441\u043e\u0440\u0435\u0432\u043d\u043e\u0432\u0430\u043d\u0438\u0439: \u041e\u0442\u043a\u0440\u044b\u0442\u044b\u0439 \u043c\u0430\u0441\u0442\u0435\u0440\u0441\u043a\u0438\u0439 \u0442\u0443\u0440\u043d\u0438\u0440 \u00abFortior est Ferrum\u00bb, \u0433. \u041e\u0440\u0435\u043b",
      "action_flag": 2,
      "change_message": "[{\"changed\": {\"fields\": [\"url\", \"is_active\"]}}]"
   }
},
{
   "model": "admin.logentry",
   "pk": 166,
   "fields": {
      "action_time": "2019-10-17T19:17:11.136Z",
      "user": 1,
      "content_type": 7,
      "object_id": "3",
      "object_repr": "\u041e\u041c\u0422_\u041e\u0440\u0435\u043b_5-6.10.2019",
      "action_flag": 2,
      "change_message": "[{\"changed\": {\"fields\": [\"status\"]}}]"
   }
},
{
   "model": "admin.logentry",
   "pk": 167,
   "fields": {
      "action_time": "2019-10-17T19:19:51.212Z",
      "user": 1,
      "content_type": 7,
      "object_id": "3",
      "object_repr": "\u041e\u041c\u0422_\u041e\u0440\u0435\u043b_5-6.10.2019",
      "action_flag": 2,
      "change_message": "[{\"changed\": {\"fields\": [\"status\"]}}]"
   }
},
{
   "model": "admin.logentry",
   "pk": 168,
   "fields": {
      "action_time": "2019-10-17T19:19:51.218Z",
      "user": 1,
      "content_type": 7,
      "object_id": "2",
      "object_repr": "\u041e\u041c\u0422 \u0411\u0440\u044f\u043d\u0441\u043a",
      "action_flag": 2,
      "change_message": "[{\"changed\": {\"fields\": [\"status\"]}}]"
   }
},
{
   "model": "admin.logentry",
   "pk": 169,
   "fields": {
      "action_time": "2019-10-17T19:19:51.223Z",
      "user": 1,
      "content_type": 7,
      "object_id": "1",
      "object_repr": "\u0427\u0435\u043c\u043f\u0438\u043e\u043d\u0430\u0442 \u0426\u0424\u041e",
      "action_flag": 2,
      "change_message": "[{\"changed\": {\"fields\": [\"status\"]}}]"
   }
},
{
   "model": "admin.logentry",
   "pk": 170,
   "fields": {
      "action_time": "2019-10-17T19:24:07.388Z",
      "user": 1,
      "content_type": 7,
      "object_id": "3",
      "object_repr": "\u041e\u041c\u0422_\u041e\u0440\u0435\u043b_5-6.10.2019",
      "action_flag": 2,
      "change_message": "[{\"changed\": {\"fields\": [\"status\"]}}]"
   }
},
{
   "model": "admin.logentry",
   "pk": 171,
   "fields": {
      "action_time": "2019-10-17T19:24:07.395Z",
      "user": 1,
      "content_type": 7,
      "object_id": "2",
      "object_repr": "\u041e\u041c\u0422 \u0411\u0440\u044f\u043d\u0441\u043a",
      "action_flag": 2,
      "change_message": "[{\"changed\": {\"fields\": [\"status\"]}}]"
   }
},
{
   "model": "admin.logentry",
   "pk": 172,
   "fields": {
      "action_time": "2019-10-17T19:24:07.399Z",
      "user": 1,
      "content_type": 7,
      "object_id": "1",
      "object_repr": "\u0427\u0435\u043c\u043f\u0438\u043e\u043d\u0430\u0442 \u0426\u0424\u041e",
      "action_flag": 2,
      "change_message": "[{\"changed\": {\"fields\": [\"status\"]}}]"
   }
},
{
   "model": "admin.logentry",
   "pk": 173,
   "fields": {
      "action_time": "2019-10-17T19:26:26.462Z",
      "user": 1,
      "content_type": 7,
      "object_id": "3",
      "object_repr": "\u041e\u041c\u0422_\u041e\u0440\u0435\u043b_5-6.10.2019",
      "action_flag": 2,
      "change_message": "[{\"changed\": {\"fields\": [\"status\"]}}]"
   }
},
{
   "model": "admin.logentry",
   "pk": 174,
   "fields": {
      "action_time": "2019-10-17T19:26:26.467Z",
      "user": 1,
      "content_type": 7,
      "object_id": "2",
      "object_repr": "\u041e\u041c\u0422 \u0411\u0440\u044f\u043d\u0441\u043a",
      "action_flag": 2,
      "change_message": "[{\"changed\": {\"fields\": [\"status\"]}}]"
   }
},
{
   "model": "admin.logentry",
   "pk": 175,
   "fields": {
      "action_time": "2019-10-17T19:26:26.472Z",
      "user": 1,
      "content_type": 7,
      "object_id": "1",
      "object_repr": "\u0427\u0435\u043c\u043f\u0438\u043e\u043d\u0430\u0442 \u0426\u0424\u041e",
      "action_flag": 2,
      "change_message": "[{\"changed\": {\"fields\": [\"status\"]}}]"
   }
},
{
   "model": "admin.logentry",
   "pk": 176,
   "fields": {
      "action_time": "2019-10-17T19:27:08.970Z",
      "user": 1,
      "content_type": 23,
      "object_id": "2",
      "object_repr": "\u041a\u043e\u043c\u0430\u043d\u0434\u043d\u043e",
      "action_flag": 1,
      "change_message": "[{\"added\": {}}]"
   }
},
{
   "model": "admin.logentry",
   "pk": 177,
   "fields": {
      "action_time": "2019-10-17T19:34:34.965Z",
      "user": 1,
      "content_type": 7,
      "object_id": "3",
      "object_repr": "\u041e\u041c\u0422_\u041e\u0440\u0435\u043b_5-6.10.2019",
      "action_flag": 2,
      "change_message": "[{\"changed\": {\"fields\": [\"status\"]}}]"
   }
},
{
   "model": "admin.logentry",
   "pk": 178,
   "fields": {
      "action_time": "2019-10-17T19:34:34.971Z",
      "user": 1,
      "content_type": 7,
      "object_id": "2",
      "object_repr": "\u041e\u041c\u0422 \u0411\u0440\u044f\u043d\u0441\u043a",
      "action_flag": 2,
      "change_message": "[{\"changed\": {\"fields\": [\"status\"]}}]"
   }
},
{
   "model": "admin.logentry",
   "pk": 179,
   "fields": {
      "action_time": "2019-10-17T19:34:34.977Z",
      "user": 1,
      "content_type": 7,
      "object_id": "1",
      "object_repr": "\u0427\u0435\u043c\u043f\u0438\u043e\u043d\u0430\u0442 \u0426\u0424\u041e",
      "action_flag": 2,
      "change_message": "[{\"changed\": {\"fields\": [\"status\"]}}]"
   }
},
{
   "model": "admin.logentry",
   "pk": 180,
   "fields": {
      "action_time": "2019-10-18T07:39:56.916Z",
      "user": 1,
      "content_type": 11,
      "object_id": "1",
      "object_repr": "\u0420\u043e\u0441\u0442\u0438\u0441\u043b\u0430\u0432",
      "action_flag": 2,
      "change_message": "[{\"changed\": {\"fields\": [\"is_active\"]}}]"
   }
},
{
   "model": "admin.logentry",
   "pk": 181,
   "fields": {
      "action_time": "2019-10-18T07:40:10.013Z",
      "user": 1,
      "content_type": 11,
      "object_id": "1",
      "object_repr": "\u0420\u043e\u0441\u0442\u0438\u0441\u043b\u0430\u0432",
      "action_flag": 2,
      "change_message": "[{\"changed\": {\"fields\": [\"is_active\"]}}]"
   }
},
{
   "model": "admin.logentry",
   "pk": 182,
   "fields": {
      "action_time": "2019-10-18T08:09:09.018Z",
      "user": 1,
      "content_type": 7,
      "object_id": "3",
      "object_repr": "\u041e\u041c\u0422_\u041e\u0440\u0435\u043b_5-6.10.2019",
      "action_flag": 2,
      "change_message": "[{\"changed\": {\"fields\": [\"status\"]}}]"
   }
},
{
   "model": "admin.logentry",
   "pk": 183,
   "fields": {
      "action_time": "2019-10-18T08:12:54.720Z",
      "user": 1,
      "content_type": 7,
      "object_id": "3",
      "object_repr": "\u041e\u041c\u0422_\u041e\u0440\u0435\u043b_5-6.10.2019",
      "action_flag": 2,
      "change_message": "[{\"changed\": {\"fields\": [\"status\"]}}]"
   }
},
{
   "model": "admin.logentry",
   "pk": 184,
   "fields": {
      "action_time": "2019-10-18T08:20:12.411Z",
      "user": 1,
      "content_type": 13,
      "object_id": "1",
      "object_repr": "\u0422\u0440\u0430\u043d\u0441\u043b\u044f\u0446\u0438\u044f \u0441\u043e\u0440\u0435\u0432\u043d\u043e\u0432\u0430\u043d\u0438\u0439: \u041e\u0442\u043a\u0440\u044b\u0442\u044b\u0439 \u043c\u0430\u0441\u0442\u0435\u0440\u0441\u043a\u0438\u0439 \u0442\u0443\u0440\u043d\u0438\u0440 \u00abFortior est Ferrum\u00bb, \u0433. \u041e\u0440\u0435\u043b",
      "action_flag": 2,
      "change_message": "[{\"changed\": {\"fields\": [\"url\"]}}]"
   }
},
{
   "model": "admin.logentry",
   "pk": 185,
   "fields": {
      "action_time": "2019-10-18T08:22:29.300Z",
      "user": 1,
      "content_type": 13,
      "object_id": "1",
      "object_repr": "\u0422\u0440\u0430\u043d\u0441\u043b\u044f\u0446\u0438\u044f \u0441\u043e\u0440\u0435\u0432\u043d\u043e\u0432\u0430\u043d\u0438\u0439: \u041e\u0442\u043a\u0440\u044b\u0442\u044b\u0439 \u043c\u0430\u0441\u0442\u0435\u0440\u0441\u043a\u0438\u0439 \u0442\u0443\u0440\u043d\u0438\u0440 \u00abFortior est Ferrum\u00bb, \u0433. \u041e\u0440\u0435\u043b",
      "action_flag": 2,
      "change_message": "[]"
   }
},
{
   "model": "admin.logentry",
   "pk": 186,
   "fields": {
      "action_time": "2019-10-18T08:23:41.471Z",
      "user": 1,
      "content_type": 13,
      "object_id": "1",
      "object_repr": "\u0422\u0440\u0430\u043d\u0441\u043b\u044f\u0446\u0438\u044f \u0441\u043e\u0440\u0435\u0432\u043d\u043e\u0432\u0430\u043d\u0438\u0439: \u041e\u0442\u043a\u0440\u044b\u0442\u044b\u0439 \u043c\u0430\u0441\u0442\u0435\u0440\u0441\u043a\u0438\u0439 \u0442\u0443\u0440\u043d\u0438\u0440 \u00abFortior est Ferrum\u00bb, \u0433. \u041e\u0440\u0435\u043b",
      "action_flag": 2,
      "change_message": "[{\"changed\": {\"fields\": [\"url\"]}}]"
   }
},
{
   "model": "admin.logentry",
   "pk": 187,
   "fields": {
      "action_time": "2019-10-18T08:24:32.807Z",
      "user": 1,
      "content_type": 13,
      "object_id": "1",
      "object_repr": "\u0422\u0440\u0430\u043d\u0441\u043b\u044f\u0446\u0438\u044f \u0441\u043e\u0440\u0435\u0432\u043d\u043e\u0432\u0430\u043d\u0438\u0439: \u041e\u0442\u043a\u0440\u044b\u0442\u044b\u0439 \u043c\u0430\u0441\u0442\u0435\u0440\u0441\u043a\u0438\u0439 \u0442\u0443\u0440\u043d\u0438\u0440 \u00abFortior est Ferrum\u00bb, \u0433. \u041e\u0440\u0435\u043b",
      "action_flag": 2,
      "change_message": "[{\"changed\": {\"fields\": [\"url\"]}}]"
   }
},
{
   "model": "admin.logentry",
   "pk": 188,
   "fields": {
      "action_time": "2019-10-18T08:25:17.124Z",
      "user": 1,
      "content_type": 13,
      "object_id": "1",
      "object_repr": "\u0422\u0440\u0430\u043d\u0441\u043b\u044f\u0446\u0438\u044f \u0441\u043e\u0440\u0435\u0432\u043d\u043e\u0432\u0430\u043d\u0438\u0439: \u041e\u0442\u043a\u0440\u044b\u0442\u044b\u0439 \u043c\u0430\u0441\u0442\u0435\u0440\u0441\u043a\u0438\u0439 \u0442\u0443\u0440\u043d\u0438\u0440 \u00abFortior est Ferrum\u00bb, \u0433. \u041e\u0440\u0435\u043b",
      "action_flag": 2,
      "change_message": "[{\"changed\": {\"fields\": [\"url\"]}}]"
   }
},
{
   "model": "admin.logentry",
   "pk": 189,
   "fields": {
      "action_time": "2019-10-18T08:41:14.430Z",
      "user": 1,
      "content_type": 16,
      "object_id": "4",
      "object_repr": "\u0417\u0430\u044f\u0432\u043a\u0430 \u043d\u0430 \u0432\u0441\u043a\u0440\u044b\u0442\u0438\u0435 \u043f\u0440\u043e\u0431\u044b '\u0411': \u042d\u0445\u043e \u041f\u0430\u0432\u0435\u043b",
      "action_flag": 2,
      "change_message": "[{\"changed\": {\"fields\": [\"status\"]}}]"
   }
},
{
   "model": "admin.logentry",
   "pk": 190,
   "fields": {
      "action_time": "2019-10-18T08:52:28.456Z",
      "user": 1,
      "content_type": 7,
      "object_id": "4",
      "object_repr": "STAR WALL (\u0417\u041c\u0422)",
      "action_flag": 1,
      "change_message": "[{\"added\": {}}, {\"added\": {\"name\": \"\\u0424\\u043e\\u0442\\u043e\\u0433\\u0440\\u0430\\u0444\\u0438\\u044f \\u0442\\u0443\\u0440\\u043d\\u0438\\u0440\\u0430\", \"object\": \"4\"}}]"
   }
},
{
   "model": "admin.logentry",
   "pk": 191,
   "fields": {
      "action_time": "2019-10-24T11:12:22.915Z",
      "user": 1,
      "content_type": 17,
      "object_id": "1",
      "object_repr": "Document object (1)",
      "action_flag": 2,
      "change_message": "[{\"changed\": {\"fields\": [\"rules\"]}}]"
   }
},
{
   "model": "admin.logentry",
   "pk": 192,
   "fields": {
      "action_time": "2019-10-24T13:02:33.438Z",
      "user": 1,
      "content_type": 14,
      "object_id": "1",
      "object_repr": "\u0414\u043e\u043f\u0438\u043d\u0433 \u0442\u0435\u0441\u0442\u0438\u0440\u043e\u0432\u0430\u043d\u0438\u0435: \u0413\u0411\u0423\u0417 \"\u041d\u0418\u0418 \u0421\u043a\u043e\u0440\u043e\u0439 \u043f\u043e\u043c\u043e\u0449\u0438 \u0438\u043c. \u0421\u043a\u043b\u0438\u0444\u043e\u0441\u043e\u0432\u0441\u043a\u043e\u0433\u043e \u0434\u0435\u043f\u0430\u0440\u0442\u0430\u043c\u0435\u043d\u0442\u0430 \u0437\u0434\u0440\u0430\u0432\u043e\u043e\u0445\u0440\u0430\u043d\u0435\u043d\u0438\u044f \u0433. \u041c\u043e\u0441\u043a\u0432\u044b\"",
      "action_flag": 2,
      "change_message": "[{\"changed\": {\"fields\": [\"anti_doping_rules\"]}}]"
   }
},
{
   "model": "admin.logentry",
   "pk": 193,
   "fields": {
      "action_time": "2019-10-24T13:05:57.162Z",
      "user": 1,
      "content_type": 14,
      "object_id": "1",
      "object_repr": "\u0414\u043e\u043f\u0438\u043d\u0433 \u0442\u0435\u0441\u0442\u0438\u0440\u043e\u0432\u0430\u043d\u0438\u0435: \u0413\u0411\u0423\u0417 \"\u041d\u0418\u0418 \u0421\u043a\u043e\u0440\u043e\u0439 \u043f\u043e\u043c\u043e\u0449\u0438 \u0438\u043c. \u0421\u043a\u043b\u0438\u0444\u043e\u0441\u043e\u0432\u0441\u043a\u043e\u0433\u043e \u0434\u0435\u043f\u0430\u0440\u0442\u0430\u043c\u0435\u043d\u0442\u0430 \u0437\u0434\u0440\u0430\u0432\u043e\u043e\u0445\u0440\u0430\u043d\u0435\u043d\u0438\u044f \u0433. \u041c\u043e\u0441\u043a\u0432\u044b\"",
      "action_flag": 2,
      "change_message": "[{\"changed\": {\"fields\": [\"anti_doping_rules\"]}}]"
   }
},
{
   "model": "admin.logentry",
   "pk": 194,
   "fields": {
      "action_time": "2019-10-24T13:07:51.258Z",
      "user": 1,
      "content_type": 16,
      "object_id": "5",
      "object_repr": "\u0417\u0430\u044f\u0432\u043a\u0430 \u043d\u0430 \u0432\u0441\u043a\u0440\u044b\u0442\u0438\u0435 \u043f\u0440\u043e\u0431\u044b '\u0411': \u0412\u043e\u0440\u043e\u043d\u0438\u043d \u0410\u043b\u0435\u043a\u0441\u0430\u043d\u0434\u0440",
      "action_flag": 2,
      "change_message": "[{\"changed\": {\"fields\": [\"status\"]}}]"
   }
},
{
   "model": "admin.logentry",
   "pk": 195,
   "fields": {
      "action_time": "2019-10-24T13:07:51.264Z",
      "user": 1,
      "content_type": 16,
      "object_id": "4",
      "object_repr": "\u0417\u0430\u044f\u0432\u043a\u0430 \u043d\u0430 \u0432\u0441\u043a\u0440\u044b\u0442\u0438\u0435 \u043f\u0440\u043e\u0431\u044b '\u0411': \u042d\u0445\u043e \u041f\u0430\u0432\u0435\u043b",
      "action_flag": 2,
      "change_message": "[{\"changed\": {\"fields\": [\"status\"]}}]"
   }
},
{
   "model": "admin.logentry",
   "pk": 196,
   "fields": {
      "action_time": "2019-10-24T13:07:51.268Z",
      "user": 1,
      "content_type": 16,
      "object_id": "3",
      "object_repr": "\u0417\u0430\u044f\u0432\u043a\u0430 \u043d\u0430 \u0432\u0441\u043a\u0440\u044b\u0442\u0438\u0435 \u043f\u0440\u043e\u0431\u044b '\u0411': \u0428\u0435\u0432\u0446\u043e\u0432 \u041e\u043b\u0435\u0433",
      "action_flag": 2,
      "change_message": "[{\"changed\": {\"fields\": [\"status\"]}}]"
   }
},
{
   "model": "admin.logentry",
   "pk": 197,
   "fields": {
      "action_time": "2019-10-24T13:07:51.273Z",
      "user": 1,
      "content_type": 16,
      "object_id": "2",
      "object_repr": "\u0417\u0430\u044f\u0432\u043a\u0430 \u043d\u0430 \u0432\u0441\u043a\u0440\u044b\u0442\u0438\u0435 \u043f\u0440\u043e\u0431\u044b '\u0411': \u041a\u043e\u043d\u0441\u0442\u0430\u043d\u0442\u0438\u043d\u043e\u0432 \u0420\u043e\u043c\u0430\u043d",
      "action_flag": 2,
      "change_message": "[{\"changed\": {\"fields\": [\"status\"]}}]"
   }
},
{
   "model": "admin.logentry",
   "pk": 198,
   "fields": {
      "action_time": "2019-10-24T13:07:51.277Z",
      "user": 1,
      "content_type": 16,
      "object_id": "1",
      "object_repr": "\u0417\u0430\u044f\u0432\u043a\u0430 \u043d\u0430 \u0432\u0441\u043a\u0440\u044b\u0442\u0438\u0435 \u043f\u0440\u043e\u0431\u044b '\u0411': \u041c\u0430\u043b\u044c\u0446\u0435\u0432 \u0414\u043c\u0438\u0442\u0440\u0438\u0439",
      "action_flag": 2,
      "change_message": "[{\"changed\": {\"fields\": [\"status\"]}}]"
   }
},
{
   "model": "admin.logentry",
   "pk": 199,
   "fields": {
      "action_time": "2019-10-24T13:16:26.973Z",
      "user": 1,
      "content_type": 7,
      "object_id": "3",
      "object_repr": "\u041e\u041c\u0422_\u041e\u0440\u0435\u043b_5-6.10.2019",
      "action_flag": 2,
      "change_message": "[{\"changed\": {\"fields\": [\"description\"]}}]"
   }
},
{
   "model": "admin.logentry",
   "pk": 200,
   "fields": {
      "action_time": "2019-10-24T13:17:57.996Z",
      "user": 1,
      "content_type": 7,
      "object_id": "3",
      "object_repr": "\u041e\u041c\u0422_\u041e\u0440\u0435\u043b_5-6.10.2019",
      "action_flag": 2,
      "change_message": "[{\"changed\": {\"fields\": [\"description\"]}}]"
   }
},
{
   "model": "admin.logentry",
   "pk": 201,
   "fields": {
      "action_time": "2019-10-24T13:37:45.500Z",
      "user": 1,
      "content_type": 7,
      "object_id": "3",
      "object_repr": "\u041e\u041c\u0422_\u041e\u0440\u0435\u043b_5-6.10.2019",
      "action_flag": 2,
      "change_message": "[{\"changed\": {\"fields\": [\"description\"]}}]"
   }
},
{
   "model": "admin.logentry",
   "pk": 202,
   "fields": {
      "action_time": "2019-10-24T13:38:03.112Z",
      "user": 1,
      "content_type": 7,
      "object_id": "3",
      "object_repr": "\u041e\u041c\u0422_\u041e\u0440\u0435\u043b_5-6.10.2019",
      "action_flag": 2,
      "change_message": "[{\"changed\": {\"fields\": [\"description\"]}}]"
   }
},
{
   "model": "admin.logentry",
   "pk": 203,
   "fields": {
      "action_time": "2019-10-26T06:50:28.492Z",
      "user": 1,
      "content_type": 24,
      "object_id": "135",
      "object_repr": "\u0421\u043f\u043e\u0440\u0442\u0441\u043c\u0435\u043d(\u043a\u0430): \u041f\u0430\u0432\u0435\u043b \u042d\u0445\u043e, \u043f\u043e\u0447\u0442\u0430: aspirpd@gmail.com",
      "action_flag": 2,
      "change_message": "[{\"changed\": {\"fields\": [\"tournament\"]}}]"
   }
},
{
   "model": "admin.logentry",
   "pk": 204,
   "fields": {
      "action_time": "2019-10-26T06:50:44.914Z",
      "user": 1,
      "content_type": 24,
      "object_id": "136",
      "object_repr": "\u0421\u043f\u043e\u0440\u0442\u0441\u043c\u0435\u043d(\u043a\u0430): \u041f\u0430\u0432\u0435\u043b \u042d\u0445\u043e, \u043f\u043e\u0447\u0442\u0430: aspirpd@gmail.com",
      "action_flag": 1,
      "change_message": "[{\"added\": {}}]"
   }
},
{
   "model": "admin.logentry",
   "pk": 205,
   "fields": {
      "action_time": "2019-10-26T06:51:07.122Z",
      "user": 1,
      "content_type": 24,
      "object_id": "136",
      "object_repr": "\u0421\u043f\u043e\u0440\u0442\u0441\u043c\u0435\u043d(\u043a\u0430): \u041f\u0430\u0432\u0435\u043b \u0413\u0430\u0440\u0435\u0446, \u043f\u043e\u0447\u0442\u0430: aspirpd@gmail.com",
      "action_flag": 2,
      "change_message": "[{\"changed\": {\"fields\": [\"last_name\"]}}]"
   }
},
{
   "model": "admin.logentry",
   "pk": 206,
   "fields": {
      "action_time": "2019-10-26T07:03:38.332Z",
      "user": 1,
      "content_type": 24,
      "object_id": "135",
      "object_repr": "\u0421\u043f\u043e\u0440\u0442\u0441\u043c\u0435\u043d(\u043a\u0430): \u041f\u0430\u0432\u0435\u043b \u042d\u0445\u043e, \u043f\u043e\u0447\u0442\u0430: aspirpd@gmail.com",
      "action_flag": 2,
      "change_message": "[{\"changed\": {\"fields\": [\"phone\"]}}]"
   }
},
{
   "model": "admin.logentry",
   "pk": 207,
   "fields": {
      "action_time": "2019-10-26T07:10:31.901Z",
      "user": 1,
      "content_type": 24,
      "object_id": "131",
      "object_repr": "\u0421\u043f\u043e\u0440\u0442\u0441\u043c\u0435\u043d(\u043a\u0430): \u0420\u043e\u043c\u0430\u043d \u041a\u043e\u043d\u0441\u0442\u0430\u043d\u0442\u0438\u043d\u043e\u0432, \u043f\u043e\u0447\u0442\u0430: aspirpd@gmail.com",
      "action_flag": 2,
      "change_message": "[{\"changed\": {\"fields\": [\"weight\"]}}]"
   }
},
{
   "model": "admin.logentry",
   "pk": 208,
   "fields": {
      "action_time": "2019-10-29T13:00:35.950Z",
      "user": 1,
      "content_type": 7,
      "object_id": "5",
      "object_repr": "\u041d\u0430\u0437\u0432\u0430\u043d\u0438\u0435 \u0442\u0443\u0440\u043d\u0438\u0440\u0430 \u0431\u0443\u0434\u0435\u0442 \u043e\u0431\u044a\u044f\u0432\u043b\u0435\u043d\u043e \u043f\u043e\u0437\u0436\u0435",
      "action_flag": 1,
      "change_message": "[{\"added\": {}}, {\"added\": {\"name\": \"\\u0424\\u043e\\u0442\\u043e\\u0433\\u0440\\u0430\\u0444\\u0438\\u044f \\u0442\\u0443\\u0440\\u043d\\u0438\\u0440\\u0430\", \"object\": \"5\"}}]"
   }
},
{
   "model": "admin.logentry",
   "pk": 209,
   "fields": {
      "action_time": "2019-10-29T13:00:55.785Z",
      "user": 1,
      "content_type": 7,
      "object_id": "4",
      "object_repr": "STAR WALL (\u0417\u041c\u0422)",
      "action_flag": 2,
      "change_message": "[{\"changed\": {\"name\": \"\\u0424\\u043e\\u0442\\u043e\\u0433\\u0440\\u0430\\u0444\\u0438\\u044f \\u0442\\u0443\\u0440\\u043d\\u0438\\u0440\\u0430\", \"object\": \"4\", \"fields\": [\"image\"]}}]"
   }
},
{
   "model": "admin.logentry",
   "pk": 210,
   "fields": {
      "action_time": "2019-10-29T13:50:51.801Z",
      "user": 1,
      "content_type": 7,
      "object_id": "5",
      "object_repr": "\u041d\u0430\u0437\u0432\u0430\u043d\u0438\u0435 \u0442\u0443\u0440\u043d\u0438\u0440\u0430 \u0431\u0443\u0434\u0435\u0442 \u043e\u0431\u044a\u044f\u0432\u043b\u0435\u043d\u043e \u043f\u043e\u0437\u0436\u0435",
      "action_flag": 2,
      "change_message": "[{\"changed\": {\"fields\": [\"name\"]}}]"
   }
},
{
   "model": "admin.logentry",
   "pk": 211,
   "fields": {
      "action_time": "2019-10-29T13:51:22.001Z",
      "user": 1,
      "content_type": 7,
      "object_id": "5",
      "object_repr": "\u041d\u0430\u0437\u0432\u0430\u043d\u0438\u0435 \u0442\u0443\u0440\u043d\u0438\u0440\u0430 \u0431\u0443\u0434\u0435\u0442 \u043e\u0431\u044a\u044f\u0432\u043b\u0435\u043d\u043e \u043f\u043e\u0437\u0436\u0435",
      "action_flag": 2,
      "change_message": "[{\"changed\": {\"fields\": [\"name\"]}}]"
   }
},
{
   "model": "admin.logentry",
   "pk": 212,
   "fields": {
      "action_time": "2019-10-29T13:53:37.679Z",
      "user": 1,
      "content_type": 7,
      "object_id": "4",
      "object_repr": "STAR WALL (\u0417\u041c\u0422)",
      "action_flag": 2,
      "change_message": "[{\"changed\": {\"fields\": [\"provisions_dk\", \"provisions_bezdk\"]}}]"
   }
},
{
   "model": "admin.logentry",
   "pk": 213,
   "fields": {
      "action_time": "2019-10-29T13:58:51.106Z",
      "user": 1,
      "content_type": 7,
      "object_id": "4",
      "object_repr": "STAR WALL (\u0417\u041c\u0422)",
      "action_flag": 2,
      "change_message": "[{\"changed\": {\"fields\": [\"provisions_bezdk\"]}}]"
   }
},
{
   "model": "admin.logentry",
   "pk": 214,
   "fields": {
      "action_time": "2019-10-29T14:01:17.184Z",
      "user": 1,
      "content_type": 7,
      "object_id": "4",
      "object_repr": "STAR WALL (\u0417\u041c\u0422)",
      "action_flag": 2,
      "change_message": "[{\"changed\": {\"fields\": [\"provisions_bezdk\"]}}]"
   }
},
{
   "model": "admin.logentry",
   "pk": 215,
   "fields": {
      "action_time": "2019-10-29T14:08:40.460Z",
      "user": 1,
      "content_type": 7,
      "object_id": "4",
      "object_repr": "STAR WALL (\u0417\u041c\u0422)",
      "action_flag": 2,
      "change_message": "[{\"changed\": {\"fields\": [\"town\"]}}]"
   }
},
{
   "model": "admin.logentry",
   "pk": 216,
   "fields": {
      "action_time": "2019-10-29T14:08:53.167Z",
      "user": 1,
      "content_type": 7,
      "object_id": "4",
      "object_repr": "STAR WALL (\u0417\u041c\u0422)",
      "action_flag": 2,
      "change_message": "[{\"changed\": {\"fields\": [\"town\"]}}]"
   }
},
{
   "model": "admin.logentry",
   "pk": 217,
   "fields": {
      "action_time": "2019-10-29T15:02:10.391Z",
      "user": 1,
      "content_type": 7,
      "object_id": "4",
      "object_repr": "STAR WALL (\u0417\u041c\u0422)",
      "action_flag": 2,
      "change_message": "[{\"changed\": {\"name\": \"\\u0424\\u043e\\u0442\\u043e\\u0433\\u0440\\u0430\\u0444\\u0438\\u044f \\u0442\\u0443\\u0440\\u043d\\u0438\\u0440\\u0430\", \"object\": \"4\", \"fields\": [\"image\"]}}]"
   }
},
{
   "model": "admin.logentry",
   "pk": 218,
   "fields": {
      "action_time": "2019-10-29T15:03:11.254Z",
      "user": 1,
      "content_type": 7,
      "object_id": "5",
      "object_repr": "\u041d\u0430\u0437\u0432\u0430\u043d\u0438\u0435 \u0442\u0443\u0440\u043d\u0438\u0440\u0430 \u0431\u0443\u0434\u0435\u0442 \u043e\u0431\u044a\u044f\u0432\u043b\u0435\u043d\u043e \u043f\u043e\u0437\u0436\u0435",
      "action_flag": 2,
      "change_message": "[{\"changed\": {\"name\": \"\\u0424\\u043e\\u0442\\u043e\\u0433\\u0440\\u0430\\u0444\\u0438\\u044f \\u0442\\u0443\\u0440\\u043d\\u0438\\u0440\\u0430\", \"object\": \"5\", \"fields\": [\"image\"]}}]"
   }
},
{
   "model": "admin.logentry",
   "pk": 219,
   "fields": {
      "action_time": "2019-10-30T17:55:11.240Z",
      "user": 1,
      "content_type": 7,
      "object_id": "5",
      "object_repr": "\u041e\u0442\u043a\u0440\u044b\u0442\u044b\u0439 \u0442\u0443\u0440\u043d\u0438\u0440 (27.03.2020)",
      "action_flag": 2,
      "change_message": "[{\"changed\": {\"fields\": [\"short_name\"]}}]"
   }
},
{
   "model": "admin.logentry",
   "pk": 220,
   "fields": {
      "action_time": "2019-10-30T17:56:09.568Z",
      "user": 1,
      "content_type": 7,
      "object_id": "6",
      "object_repr": "\u041e\u0442\u043a\u0440\u044b\u0442\u044b\u0439 \u0442\u0443\u0440\u043d\u0438\u0440 (26.06.2020)",
      "action_flag": 1,
      "change_message": "[{\"added\": {}}, {\"added\": {\"name\": \"\\u0424\\u043e\\u0442\\u043e\\u0433\\u0440\\u0430\\u0444\\u0438\\u044f \\u0442\\u0443\\u0440\\u043d\\u0438\\u0440\\u0430\", \"object\": \"6\"}}]"
   }
},
{
   "model": "admin.logentry",
   "pk": 221,
   "fields": {
      "action_time": "2019-10-30T17:56:54.969Z",
      "user": 1,
      "content_type": 7,
      "object_id": "7",
      "object_repr": "\u041e\u0442\u043a\u0440\u044b\u0442\u044b\u0439 \u0442\u0443\u0440\u043d\u0438\u0440 (26.09.2020)",
      "action_flag": 1,
      "change_message": "[{\"added\": {}}, {\"added\": {\"name\": \"\\u0424\\u043e\\u0442\\u043e\\u0433\\u0440\\u0430\\u0444\\u0438\\u044f \\u0442\\u0443\\u0440\\u043d\\u0438\\u0440\\u0430\", \"object\": \"7\"}}]"
   }
},
{
   "model": "admin.logentry",
   "pk": 222,
   "fields": {
      "action_time": "2019-10-30T17:57:20.605Z",
      "user": 1,
      "content_type": 7,
      "object_id": "4",
      "object_repr": "STAR WALL (\u0417\u041c\u0422)",
      "action_flag": 2,
      "change_message": "[{\"changed\": {\"name\": \"\\u0424\\u043e\\u0442\\u043e\\u0433\\u0440\\u0430\\u0444\\u0438\\u044f \\u0442\\u0443\\u0440\\u043d\\u0438\\u0440\\u0430\", \"object\": \"4\", \"fields\": [\"image\"]}}]"
   }
},
{
   "model": "admin.logentry",
   "pk": 223,
   "fields": {
      "action_time": "2019-10-30T17:59:55.033Z",
      "user": 1,
      "content_type": 7,
      "object_id": "8",
      "object_repr": "STAR WALL (27.12.2020)",
      "action_flag": 1,
      "change_message": "[{\"added\": {}}, {\"added\": {\"name\": \"\\u0424\\u043e\\u0442\\u043e\\u0433\\u0440\\u0430\\u0444\\u0438\\u044f \\u0442\\u0443\\u0440\\u043d\\u0438\\u0440\\u0430\", \"object\": \"8\"}}]"
   }
},
{
   "model": "admin.logentry",
   "pk": 224,
   "fields": {
      "action_time": "2019-10-30T18:00:15.121Z",
      "user": 1,
      "content_type": 7,
      "object_id": "8",
      "object_repr": "STAR WALL (27.12.2020)",
      "action_flag": 2,
      "change_message": "[{\"changed\": {\"fields\": [\"name\", \"country\", \"region\", \"town\"]}}]"
   }
},
{
   "model": "admin.logentry",
   "pk": 225,
   "fields": {
      "action_time": "2019-10-30T18:00:30.200Z",
      "user": 1,
      "content_type": 7,
      "object_id": "4",
      "object_repr": "STAR WALL",
      "action_flag": 2,
      "change_message": "[{\"changed\": {\"fields\": [\"short_name\"]}}]"
   }
},
{
   "model": "admin.logentry",
   "pk": 226,
   "fields": {
      "action_time": "2019-10-30T18:00:45.142Z",
      "user": 1,
      "content_type": 7,
      "object_id": "4",
      "object_repr": "STAR WALL",
      "action_flag": 2,
      "change_message": "[]"
   }
},
{
   "model": "admin.logentry",
   "pk": 227,
   "fields": {
      "action_time": "2019-10-30T18:01:31.090Z",
      "user": 1,
      "content_type": 7,
      "object_id": "8",
      "object_repr": "STAR WALL (27.12.2020)",
      "action_flag": 2,
      "change_message": "[{\"changed\": {\"fields\": [\"start_time\", \"end_time\"]}}]"
   }
},
{
   "model": "admin.logentry",
   "pk": 228,
   "fields": {
      "action_time": "2019-10-30T18:02:05.078Z",
      "user": 1,
      "content_type": 7,
      "object_id": "8",
      "object_repr": "STAR WALL (25.12.2020)",
      "action_flag": 2,
      "change_message": "[{\"changed\": {\"fields\": [\"short_name\"]}}]"
   }
},
{
   "model": "admin.logentry",
   "pk": 229,
   "fields": {
      "action_time": "2019-10-30T18:18:39.933Z",
      "user": 1,
      "content_type": 7,
      "object_id": "7",
      "object_repr": "\u041e\u0442\u043a\u0440\u044b\u0442\u044b\u0439 \u0442\u0443\u0440\u043d\u0438\u0440 (26.09.2020)",
      "action_flag": 2,
      "change_message": "[{\"changed\": {\"fields\": [\"town\"]}}]"
   }
},
{
   "model": "admin.logentry",
   "pk": 230,
   "fields": {
      "action_time": "2019-10-30T19:13:30.829Z",
      "user": 1,
      "content_type": 17,
      "object_id": "1",
      "object_repr": "Document object (1)",
      "action_flag": 2,
      "change_message": "[{\"changed\": {\"fields\": [\"rules\", \"rules_sfo\", \"standards\", \"sports_regulations\", \"norms_sports_titles_dk\", \"norms_sports_titles_bez_dk\", \"tests_secretary\", \"tests_judge\"]}}]"
   }
},
{
   "model": "admin.logentry",
   "pk": 231,
   "fields": {
      "action_time": "2019-10-30T20:33:13.135Z",
      "user": 1,
      "content_type": 31,
      "object_id": "1",
      "object_repr": "\u041f\u0440\u0435\u0437\u0438\u0434\u0435\u043d\u0442 Global Federation of Powerlifting",
      "action_flag": 1,
      "change_message": "[{\"added\": {}}]"
   }
},
{
   "model": "admin.logentry",
   "pk": 232,
   "fields": {
      "action_time": "2019-10-30T20:41:55.281Z",
      "user": 1,
      "content_type": 32,
      "object_id": "1",
      "object_repr": "Guide object (1)",
      "action_flag": 1,
      "change_message": "[{\"added\": {}}, {\"added\": {\"name\": \"\\u0424\\u043e\\u0442\\u043e\\u0433\\u0440\\u0430\\u0444\\u0438\\u044f \\u043f\\u0435\\u0440\\u0441\\u043e\\u043d\\u0430\\u043b\\u0430\", \"object\": \"1\"}}]"
   }
},
{
   "model": "admin.logentry",
   "pk": 233,
   "fields": {
      "action_time": "2019-10-30T20:43:06.488Z",
      "user": 1,
      "content_type": 31,
      "object_id": "2",
      "object_repr": "\u0412\u0438\u0446\u0435-\u043f\u0440\u0435\u0437\u0438\u0434\u0435\u043d\u0442 Global Federation of Powerlifting",
      "action_flag": 1,
      "change_message": "[{\"added\": {}}]"
   }
},
{
   "model": "admin.logentry",
   "pk": 234,
   "fields": {
      "action_time": "2019-10-30T20:45:38.112Z",
      "user": 1,
      "content_type": 32,
      "object_id": "2",
      "object_repr": "Guide object (2)",
      "action_flag": 1,
      "change_message": "[{\"added\": {}}, {\"added\": {\"name\": \"\\u0424\\u043e\\u0442\\u043e\\u0433\\u0440\\u0430\\u0444\\u0438\\u044f \\u043f\\u0435\\u0440\\u0441\\u043e\\u043d\\u0430\\u043b\\u0430\", \"object\": \"2\"}}]"
   }
},
{
   "model": "admin.logentry",
   "pk": 235,
   "fields": {
      "action_time": "2019-10-30T20:45:43.070Z",
      "user": 1,
      "content_type": 32,
      "object_id": "1",
      "object_repr": "Guide object (1)",
      "action_flag": 2,
      "change_message": "[]"
   }
},
{
   "model": "admin.logentry",
   "pk": 236,
   "fields": {
      "action_time": "2019-10-30T20:46:41.314Z",
      "user": 1,
      "content_type": 32,
      "object_id": "2",
      "object_repr": "Guide object (2)",
      "action_flag": 2,
      "change_message": "[{\"changed\": {\"fields\": [\"email\"]}}]"
   }
},
{
   "model": "admin.logentry",
   "pk": 237,
   "fields": {
      "action_time": "2019-10-30T20:47:32.450Z",
      "user": 1,
      "content_type": 31,
      "object_id": "3",
      "object_repr": "\u0420\u0443\u043a\u043e\u0432\u043e\u0434\u0438\u0442\u0435\u043b\u044c \u0441\u0443\u0434\u0435\u0439\u0441\u043a\u0438\u043c \u043a\u043e\u0440\u043f\u0443\u0441\u043e\u043c",
      "action_flag": 1,
      "change_message": "[{\"added\": {}}]"
   }
},
{
   "model": "admin.logentry",
   "pk": 238,
   "fields": {
      "action_time": "2019-10-30T20:49:07.993Z",
      "user": 1,
      "content_type": 32,
      "object_id": "3",
      "object_repr": "Guide object (3)",
      "action_flag": 1,
      "change_message": "[{\"added\": {}}, {\"added\": {\"name\": \"\\u0424\\u043e\\u0442\\u043e\\u0433\\u0440\\u0430\\u0444\\u0438\\u044f \\u043f\\u0435\\u0440\\u0441\\u043e\\u043d\\u0430\\u043b\\u0430\", \"object\": \"3\"}}]"
   }
},
{
   "model": "admin.logentry",
   "pk": 239,
   "fields": {
      "action_time": "2019-10-30T20:49:28.246Z",
      "user": 1,
      "content_type": 32,
      "object_id": "3",
      "object_repr": "Guide object (3)",
      "action_flag": 2,
      "change_message": "[{\"changed\": {\"fields\": [\"dob\"]}}]"
   }
},
{
   "model": "admin.logentry",
   "pk": 240,
   "fields": {
      "action_time": "2019-10-30T20:49:51.838Z",
      "user": 1,
      "content_type": 31,
      "object_id": "4",
      "object_repr": "\u0420\u0443\u043a\u043e\u0432\u043e\u0434\u0438\u0442\u0435\u043b\u044c \u043a\u043e\u0440\u043f\u0443\u0441\u0430 \u0430\u0441\u0441\u0438\u0441\u0442\u0435\u043d\u0442\u043e\u0432",
      "action_flag": 1,
      "change_message": "[{\"added\": {}}]"
   }
},
{
   "model": "admin.logentry",
   "pk": 241,
   "fields": {
      "action_time": "2019-10-30T20:52:47.492Z",
      "user": 1,
      "content_type": 32,
      "object_id": "4",
      "object_repr": "Guide object (4)",
      "action_flag": 1,
      "change_message": "[{\"added\": {}}, {\"added\": {\"name\": \"\\u0424\\u043e\\u0442\\u043e\\u0433\\u0440\\u0430\\u0444\\u0438\\u044f \\u043f\\u0435\\u0440\\u0441\\u043e\\u043d\\u0430\\u043b\\u0430\", \"object\": \"4\"}}]"
   }
},
{
   "model": "admin.logentry",
   "pk": 242,
   "fields": {
      "action_time": "2019-10-30T20:53:39.629Z",
      "user": 1,
      "content_type": 32,
      "object_id": "3",
      "object_repr": "Guide object (3)",
      "action_flag": 2,
      "change_message": "[{\"changed\": {\"fields\": [\"description\"]}}]"
   }
},
{
   "model": "admin.logentry",
   "pk": 243,
   "fields": {
      "action_time": "2019-10-30T20:53:58.746Z",
      "user": 1,
      "content_type": 32,
      "object_id": "2",
      "object_repr": "Guide object (2)",
      "action_flag": 2,
      "change_message": "[{\"changed\": {\"fields\": [\"description\"]}}]"
   }
},
{
   "model": "admin.logentry",
   "pk": 244,
   "fields": {
      "action_time": "2019-10-30T20:58:29.500Z",
      "user": 1,
      "content_type": 31,
      "object_id": "5",
      "object_repr": "\u041d\u0435\u0442 \u0441\u0442\u0430\u0442\u0443\u0441\u0430",
      "action_flag": 1,
      "change_message": "[{\"added\": {}}]"
   }
},
{
   "model": "admin.logentry",
   "pk": 245,
   "fields": {
      "action_time": "2019-10-30T20:58:38.632Z",
      "user": 1,
      "content_type": 32,
      "object_id": "5",
      "object_repr": "\u0422\u0438\u0445\u043e\u043c\u0438\u0440\u043e\u0432\u0430",
      "action_flag": 1,
      "change_message": "[{\"added\": {}}, {\"added\": {\"name\": \"\\u0424\\u043e\\u0442\\u043e\\u0433\\u0440\\u0430\\u0444\\u0438\\u044f \\u043f\\u0435\\u0440\\u0441\\u043e\\u043d\\u0430\\u043b\\u0430\", \"object\": \"5\"}}]"
   }
},
{
   "model": "admin.logentry",
   "pk": 246,
   "fields": {
      "action_time": "2019-10-30T22:16:55.590Z",
      "user": 1,
      "content_type": 14,
      "object_id": "1",
      "object_repr": "\u0414\u043e\u043f\u0438\u043d\u0433 \u0442\u0435\u0441\u0442\u0438\u0440\u043e\u0432\u0430\u043d\u0438\u0435: \u0413\u0411\u0423\u0417 \"\u041d\u0418\u0418 \u0421\u043a\u043e\u0440\u043e\u0439 \u043f\u043e\u043c\u043e\u0449\u0438 \u0438\u043c. \u0421\u043a\u043b\u0438\u0444\u043e\u0441\u043e\u0432\u0441\u043a\u043e\u0433\u043e \u0434\u0435\u043f\u0430\u0440\u0442\u0430\u043c\u0435\u043d\u0442\u0430 \u0437\u0434\u0440\u0430\u0432\u043e\u043e\u0445\u0440\u0430\u043d\u0435\u043d\u0438\u044f \u0433. \u041c\u043e\u0441\u043a\u0432\u044b\"",
      "action_flag": 2,
      "change_message": "[{\"changed\": {\"fields\": [\"anti_doping_rules\"]}}]"
   }
},
{
   "model": "admin.logentry",
   "pk": 247,
   "fields": {
      "action_time": "2019-10-30T23:27:29.920Z",
      "user": 1,
      "content_type": 32,
      "object_id": "2",
      "object_repr": "\u0416\u0438\u0433\u0443\u043b\u0438\u043d\u0430",
      "action_flag": 2,
      "change_message": "[{\"added\": {\"name\": \"\\u0424\\u043e\\u0442\\u043e\\u0433\\u0440\\u0430\\u0444\\u0438\\u044f \\u043f\\u0435\\u0440\\u0441\\u043e\\u043d\\u0430\\u043b\\u0430\", \"object\": \"6\"}}, {\"changed\": {\"name\": \"\\u0424\\u043e\\u0442\\u043e\\u0433\\u0440\\u0430\\u0444\\u0438\\u044f \\u043f\\u0435\\u0440\\u0441\\u043e\\u043d\\u0430\\u043b\\u0430\", \"object\": \"2\", \"fields\": [\"is_main\"]}}]"
   }
},
{
   "model": "admin.logentry",
   "pk": 248,
   "fields": {
      "action_time": "2019-10-30T23:28:35.919Z",
      "user": 1,
      "content_type": 32,
      "object_id": "3",
      "object_repr": "\u0414\u043e\u0440\u043e\u0445\u0438\u043d",
      "action_flag": 2,
      "change_message": "[{\"added\": {\"name\": \"\\u0424\\u043e\\u0442\\u043e\\u0433\\u0440\\u0430\\u0444\\u0438\\u044f \\u043f\\u0435\\u0440\\u0441\\u043e\\u043d\\u0430\\u043b\\u0430\", \"object\": \"7\"}}, {\"changed\": {\"name\": \"\\u0424\\u043e\\u0442\\u043e\\u0433\\u0440\\u0430\\u0444\\u0438\\u044f \\u043f\\u0435\\u0440\\u0441\\u043e\\u043d\\u0430\\u043b\\u0430\", \"object\": \"3\", \"fields\": [\"is_main\"]}}]"
   }
},
{
   "model": "admin.logentry",
   "pk": 249,
   "fields": {
      "action_time": "2019-10-30T23:28:50.116Z",
      "user": 1,
      "content_type": 32,
      "object_id": "4",
      "object_repr": "\u0411\u043e\u043d\u0434\u0430\u0440\u0435\u0432",
      "action_flag": 2,
      "change_message": "[{\"added\": {\"name\": \"\\u0424\\u043e\\u0442\\u043e\\u0433\\u0440\\u0430\\u0444\\u0438\\u044f \\u043f\\u0435\\u0440\\u0441\\u043e\\u043d\\u0430\\u043b\\u0430\", \"object\": \"8\"}}, {\"changed\": {\"name\": \"\\u0424\\u043e\\u0442\\u043e\\u0433\\u0440\\u0430\\u0444\\u0438\\u044f \\u043f\\u0435\\u0440\\u0441\\u043e\\u043d\\u0430\\u043b\\u0430\", \"object\": \"4\", \"fields\": [\"is_main\"]}}]"
   }
},
{
   "model": "admin.logentry",
   "pk": 250,
   "fields": {
      "action_time": "2019-10-30T23:29:03.776Z",
      "user": 1,
      "content_type": 32,
      "object_id": "5",
      "object_repr": "\u0422\u0438\u0445\u043e\u043c\u0438\u0440\u043e\u0432\u0430",
      "action_flag": 2,
      "change_message": "[{\"added\": {\"name\": \"\\u0424\\u043e\\u0442\\u043e\\u0433\\u0440\\u0430\\u0444\\u0438\\u044f \\u043f\\u0435\\u0440\\u0441\\u043e\\u043d\\u0430\\u043b\\u0430\", \"object\": \"9\"}}, {\"changed\": {\"name\": \"\\u0424\\u043e\\u0442\\u043e\\u0433\\u0440\\u0430\\u0444\\u0438\\u044f \\u043f\\u0435\\u0440\\u0441\\u043e\\u043d\\u0430\\u043b\\u0430\", \"object\": \"5\", \"fields\": [\"is_main\"]}}]"
   }
},
{
   "model": "admin.logentry",
   "pk": 251,
   "fields": {
      "action_time": "2019-11-01T16:27:23.548Z",
      "user": 1,
      "content_type": 35,
      "object_id": "1",
      "object_repr": "\u0414\u0435\u0439\u0441\u0442\u0432\u0443\u044e\u0449\u0438\u0439",
      "action_flag": 1,
      "change_message": "[{\"added\": {}}]"
   }
},
{
   "model": "admin.logentry",
   "pk": 252,
   "fields": {
      "action_time": "2019-11-01T16:27:59.647Z",
      "user": 1,
      "content_type": 34,
      "object_id": "1",
      "object_repr": "\u0417\u0430\u044f\u0432\u043a\u0430 \u043d\u0430 \u0440\u0435\u0433\u0438\u043e\u043d\u0430\u043b\u044c\u043d\u043e\u0433\u043e \u043f\u0440\u0435\u0434\u0441\u0442\u0430\u0432\u0438\u0442\u0435\u043b\u044f: \u041a\u043e\u043d\u0441\u0442\u0430\u043d\u0442\u0438\u043d\u043e\u0432 \u0420\u043e\u043c\u0430\u043d",
      "action_flag": 1,
      "change_message": "[{\"added\": {}}]"
   }
}
]
